Symbol,PN,Type,Date,Volatility
SP,N/A,QMLE-Trade,2008-1-3,0.164122
SP,N/A,QMLE-Trade,2008-1-4,0.215631
SP,N/A,QMLE-Trade,2008-1-7,0.224459
SP,N/A,QMLE-Trade,2008-1-9,0.294344
SP,N/A,QMLE-Trade,2008-1-11,0.256686
SP,N/A,QMLE-Trade,2008-1-15,0.220525
SP,N/A,QMLE-Trade,2008-1-16,0.263243
SP,N/A,QMLE-Trade,2008-1-17,0.309573
SP,N/A,QMLE-Trade,2008-1-18,0.346104
SP,N/A,QMLE-Trade,2008-1-22,0.682089
SP,N/A,QMLE-Trade,2008-1-23,0.553451
SP,N/A,QMLE-Trade,2008-1-24,0.365161
SP,N/A,QMLE-Trade,2008-1-25,0.289881
SP,N/A,QMLE-Trade,2008-1-28,0.300826
SP,N/A,QMLE-Trade,2008-1-30,0.345456
SP,N/A,QMLE-Trade,2008-1-31,0.389095
SP,N/A,QMLE-Trade,2008-2-1,0.314274
SP,N/A,QMLE-Trade,2008-2-6,0.260038
SP,N/A,QMLE-Trade,2008-2-7,0.309623
SP,N/A,QMLE-Trade,2008-2-8,0.255574
SP,N/A,QMLE-Trade,2008-2-12,0.233362
SP,N/A,QMLE-Trade,2008-2-15,0.198788
SP,N/A,QMLE-Trade,2008-2-20,0.277872
SP,N/A,QMLE-Trade,2008-2-22,0.249584
SP,N/A,QMLE-Trade,2008-2-25,0.254323
SP,N/A,QMLE-Trade,2008-2-26,0.22602
SP,N/A,QMLE-Trade,2008-2-27,0.199751
SP,N/A,QMLE-Trade,2008-2-29,0.217353
SP,N/A,QMLE-Trade,2008-3-3,0.230733
SP,N/A,QMLE-Trade,2008-3-4,0.271823
SP,N/A,QMLE-Trade,2008-3-5,0.411972
SP,N/A,QMLE-Trade,2008-3-6,0.236577
SP,N/A,QMLE-Trade,2008-3-7,0.358355
SP,N/A,QMLE-Trade,2008-3-14,0.487217
SP,N/A,QMLE-Trade,2008-3-17,0.479173
SP,N/A,QMLE-Trade,2008-3-20,0.261901
SP,N/A,QMLE-Trade,2008-3-24,0.190418
SP,N/A,QMLE-Trade,2008-3-28,0.189317
SP,N/A,QMLE-Trade,2008-3-31,0.195749
SP,N/A,QMLE-Trade,2008-4-1,0.189851
SP,N/A,QMLE-Trade,2008-4-3,0.184529
SP,N/A,QMLE-Trade,2008-4-4,0.213233
SP,N/A,QMLE-Trade,2008-4-10,0.175668
SP,N/A,QMLE-Trade,2008-4-11,0.177357
SP,N/A,QMLE-Trade,2008-4-14,0.165054
SP,N/A,QMLE-Trade,2008-4-15,0.18511
SP,N/A,QMLE-Trade,2008-4-16,0.152012
SP,N/A,QMLE-Trade,2008-4-18,0.163101
SP,N/A,QMLE-Trade,2008-4-25,0.169026
SP,N/A,QMLE-Trade,2008-4-28,0.143425
SP,N/A,QMLE-Trade,2008-4-30,0.212859
SP,N/A,QMLE-Trade,2008-5-2,0.175517
SP,N/A,QMLE-Trade,2008-5-5,0.172379
SP,N/A,QMLE-Trade,2008-5-8,0.163176
SP,N/A,QMLE-Trade,2008-5-9,0.14301
SP,N/A,QMLE-Trade,2008-5-12,0.112874
SP,N/A,QMLE-Trade,2008-5-13,0.133936
SP,N/A,QMLE-Trade,2008-5-14,0.135181
SP,N/A,QMLE-Trade,2008-5-15,0.133198
SP,N/A,QMLE-Trade,2008-5-16,0.115821
SP,N/A,QMLE-Trade,2008-5-19,0.120361
SP,N/A,QMLE-Trade,2008-5-21,0.171349
SP,N/A,QMLE-Trade,2008-5-22,0.152651
SP,N/A,QMLE-Trade,2008-5-23,0.151037
SP,N/A,QMLE-Trade,2008-5-28,0.155035
SP,N/A,QMLE-Trade,2008-5-29,0.289442
SP,N/A,QMLE-Trade,2008-5-30,0.112181
SP,N/A,QMLE-Trade,2008-6-3,0.175844
SP,N/A,QMLE-Trade,2008-6-4,0.249525
SP,N/A,QMLE-Trade,2008-6-5,0.148395
SP,N/A,QMLE-Trade,2008-6-6,0.219461
SP,N/A,QMLE-Trade,2008-6-9,0.209477
SP,N/A,QMLE-Trade,2008-6-11,0.190618
SP,N/A,QMLE-Trade,2008-6-12,0.201574
SP,N/A,QMLE-Trade,2008-6-13,0.215306
SP,N/A,QMLE-Trade,2008-6-16,0.163463
SP,N/A,QMLE-Trade,2008-6-17,0.156727
SP,N/A,QMLE-Trade,2008-6-18,0.169375
SP,N/A,QMLE-Trade,2008-6-19,0.195964
SP,N/A,QMLE-Trade,2008-6-20,0.193591
SP,N/A,QMLE-Trade,2008-6-25,0.202045
SP,N/A,QMLE-Trade,2008-6-27,0.236957
SP,N/A,QMLE-Trade,2008-7-2,0.221267
SP,N/A,QMLE-Trade,2008-7-3,0.317006
SP,N/A,QMLE-Trade,2008-7-7,0.258288
SP,N/A,QMLE-Trade,2008-7-9,0.218832
SP,N/A,QMLE-Trade,2008-7-11,0.388851
SP,N/A,QMLE-Trade,2008-7-14,0.269477
SP,N/A,QMLE-Trade,2008-7-15,0.318721
SP,N/A,QMLE-Trade,2008-7-16,0.283338
SP,N/A,QMLE-Trade,2008-7-17,0.260368
SP,N/A,QMLE-Trade,2008-7-18,0.204696
SP,N/A,QMLE-Trade,2008-7-21,0.168642
SP,N/A,QMLE-Trade,2008-7-22,0.1901
SP,N/A,QMLE-Trade,2008-7-24,0.180999
SP,N/A,QMLE-Trade,2008-7-25,0.196681
SP,N/A,QMLE-Trade,2008-7-28,0.173076
SP,N/A,QMLE-Trade,2008-7-29,0.185383
SP,N/A,QMLE-Trade,2008-7-30,0.194279
SP,N/A,QMLE-Trade,2008-7-31,0.202184
SP,N/A,QMLE-Trade,2008-8-1,0.222585
SP,N/A,QMLE-Trade,2008-8-4,0.178217
SP,N/A,QMLE-Trade,2008-8-7,0.19129
SP,N/A,QMLE-Trade,2008-8-8,0.189929
SP,N/A,QMLE-Trade,2008-8-11,0.160774
SP,N/A,QMLE-Trade,2008-8-14,0.204022
SP,N/A,QMLE-Trade,2008-8-15,0.167496
SP,N/A,QMLE-Trade,2008-8-18,0.17748
SP,N/A,QMLE-Trade,2008-8-20,0.186579
SP,N/A,QMLE-Trade,2008-8-21,0.180468
SP,N/A,QMLE-Trade,2008-8-22,0.150433
SP,N/A,QMLE-Trade,2008-8-25,0.241167
SP,N/A,QMLE-Trade,2008-8-26,0.169749
SP,N/A,QMLE-Trade,2008-8-27,0.155719
SP,N/A,QMLE-Trade,2008-8-28,0.154246
SP,N/A,QMLE-Trade,2008-8-29,0.145159
SP,N/A,QMLE-Trade,2008-9-2,0.187297
SP,N/A,QMLE-Trade,2008-9-4,0.355994
SP,N/A,QMLE-Trade,2008-9-5,0.28809
SP,N/A,QMLE-Trade,2008-9-8,0.311817
SP,N/A,QMLE-Trade,2008-9-9,0.264811
SP,N/A,QMLE-Trade,2008-9-10,0.40354
SP,N/A,QMLE-Trade,2008-9-12,0.272663
SP,N/A,QMLE-Trade,2008-9-15,0.457043
SP,N/A,QMLE-Trade,2008-9-16,0.622539
SP,N/A,QMLE-Trade,2008-9-17,0.523411
SP,N/A,QMLE-Trade,2008-9-18,0.609692
SP,N/A,QMLE-Trade,2008-9-19,0.508001
SP,N/A,QMLE-Trade,2008-9-22,0.351549
SP,N/A,QMLE-Trade,2008-9-23,0.351749
SP,N/A,QMLE-Trade,2008-9-24,0.345893
SP,N/A,QMLE-Trade,2008-9-25,0.365874
SP,N/A,QMLE-Trade,2008-9-26,0.344547
SP,N/A,QMLE-Trade,2008-9-30,0.411361
SP,N/A,QMLE-Trade,2008-10-1,0.391229
SP,N/A,QMLE-Trade,2008-10-2,0.395783
SP,N/A,QMLE-Trade,2008-10-3,0.542907
SP,N/A,QMLE-Trade,2008-10-6,0.739231
SP,N/A,QMLE-Trade,2008-10-7,0.767897
SP,N/A,QMLE-Trade,2008-10-8,1.17211
SP,N/A,QMLE-Trade,2008-10-9,0.796369
SP,N/A,QMLE-Trade,2008-10-10,1.63136
SP,N/A,QMLE-Trade,2008-10-13,0.60219
SP,N/A,QMLE-Trade,2008-10-14,0.838403
SP,N/A,QMLE-Trade,2008-10-15,0.756864
SP,N/A,QMLE-Trade,2008-10-17,0.844406
SP,N/A,QMLE-Trade,2008-10-20,0.602029
SP,N/A,QMLE-Trade,2008-10-21,0.553636
SP,N/A,QMLE-Trade,2008-10-23,0.98932
SP,N/A,QMLE-Trade,2008-10-24,0.978115
SP,N/A,QMLE-Trade,2008-10-28,0.826852
SP,N/A,QMLE-Trade,2008-10-29,0.873694
SP,N/A,QMLE-Trade,2008-10-30,0.710994
SP,N/A,QMLE-Trade,2008-10-31,0.610451
SP,N/A,QMLE-Trade,2008-11-5,0.498856
SP,N/A,QMLE-Trade,2008-11-6,0.607157
SP,N/A,QMLE-Trade,2008-11-7,0.588988
SP,N/A,QMLE-Trade,2008-11-12,0.555903
SP,N/A,QMLE-Trade,2008-11-13,0.830967
SP,N/A,QMLE-Trade,2008-11-14,0.733528
SP,N/A,QMLE-Trade,2008-11-19,0.707433
SP,N/A,QMLE-Trade,2008-11-20,0.976708
SP,N/A,QMLE-Trade,2008-11-21,0.980687
SP,N/A,QMLE-Trade,2008-11-24,0.777848
SP,N/A,QMLE-Trade,2008-11-25,0.69721
SP,N/A,QMLE-Trade,2008-11-26,0.736236
SP,N/A,QMLE-Trade,2008-11-28,0.325339
SP,N/A,QMLE-Trade,2008-12-2,0.585785
SP,N/A,QMLE-Trade,2008-12-3,0.879982
SP,N/A,QMLE-Trade,2008-12-5,0.708543
SP,N/A,QMLE-Trade,2008-12-8,0.514813
SP,N/A,QMLE-Trade,2008-12-9,0.504453
SP,N/A,QMLE-Trade,2008-12-10,0.452844
SP,N/A,QMLE-Trade,2008-12-11,0.390832
SP,N/A,QMLE-Trade,2008-12-12,0.699532
SP,N/A,QMLE-Trade,2008-12-15,0.447266
SP,N/A,QMLE-Trade,2008-12-16,0.464579
SP,N/A,QMLE-Trade,2008-12-17,0.432793
SP,N/A,QMLE-Trade,2008-12-18,0.390691
SP,N/A,QMLE-Trade,2008-12-19,0.395495
SP,N/A,QMLE-Trade,2008-12-23,0.339535
SP,N/A,QMLE-Trade,2008-12-24,0.156362
SP,N/A,QMLE-Trade,2008-12-26,0.18798
SP,N/A,QMLE-Trade,2008-12-30,0.252949
SP,N/A,QMLE-Trade,2008-12-31,0.286244
SP,N/A,QMLE-Trade,2009-1-2,0.364409
SP,N/A,QMLE-Trade,2009-1-5,0.30123
SP,N/A,QMLE-Trade,2009-1-6,0.296472
SP,N/A,QMLE-Trade,2009-1-7,0.266062
SP,N/A,QMLE-Trade,2009-1-9,0.492197
SP,N/A,QMLE-Trade,2009-1-12,0.263127
SP,N/A,QMLE-Trade,2009-1-13,0.358826
SP,N/A,QMLE-Trade,2009-1-15,0.510578
SP,N/A,QMLE-Trade,2009-1-16,0.454924
SP,N/A,QMLE-Trade,2009-1-20,0.479028
SP,N/A,QMLE-Trade,2009-1-21,0.468511
SP,N/A,QMLE-Trade,2009-1-23,0.539696
SP,N/A,QMLE-Trade,2009-1-27,0.403323
SP,N/A,QMLE-Trade,2009-1-28,0.340385
SP,N/A,QMLE-Trade,2009-1-29,0.337401
SP,N/A,QMLE-Trade,2009-1-30,0.436621
SP,N/A,QMLE-Trade,2009-2-2,0.397585
SP,N/A,QMLE-Trade,2009-2-3,0.361438
SP,N/A,QMLE-Trade,2009-2-4,0.343838
SP,N/A,QMLE-Trade,2009-2-5,0.382196
SP,N/A,QMLE-Trade,2009-2-6,0.340643
SP,N/A,QMLE-Trade,2009-2-9,0.27255
SP,N/A,QMLE-Trade,2009-2-10,0.446475
SP,N/A,QMLE-Trade,2009-2-11,0.359863
SP,N/A,QMLE-Trade,2009-2-12,0.420838
SP,N/A,QMLE-Trade,2009-2-13,0.349832
SP,N/A,QMLE-Trade,2009-2-17,0.40414
SP,N/A,QMLE-Trade,2009-2-18,0.417135
SP,N/A,QMLE-Trade,2009-2-19,0.339036
SP,N/A,QMLE-Trade,2009-2-20,0.490442
SP,N/A,QMLE-Trade,2009-2-24,0.723103
SP,N/A,QMLE-Trade,2009-2-25,0.449696
SP,N/A,QMLE-Trade,2009-2-26,0.421608
SP,N/A,QMLE-Trade,2009-2-27,0.591551
SP,N/A,QMLE-Trade,2009-3-2,0.494051
SP,N/A,QMLE-Trade,2009-3-4,0.425938
SP,N/A,QMLE-Trade,2009-3-5,0.492427
SP,N/A,QMLE-Trade,2009-3-6,0.555041
SP,N/A,QMLE-Trade,2009-3-9,0.508747
SP,N/A,QMLE-Trade,2009-3-11,0.655329
SP,N/A,QMLE-Trade,2009-3-12,0.374608
SP,N/A,QMLE-Trade,2009-3-13,0.393933
SP,N/A,QMLE-Trade,2009-3-16,0.313537
SP,N/A,QMLE-Trade,2009-3-17,0.502464
SP,N/A,QMLE-Trade,2009-3-19,0.538535
SP,N/A,QMLE-Trade,2009-3-20,0.322715
SP,N/A,QMLE-Trade,2009-3-23,0.379127
SP,N/A,QMLE-Trade,2009-3-24,0.308036
SP,N/A,QMLE-Trade,2009-3-25,0.42781
SP,N/A,QMLE-Trade,2009-3-27,0.339865
SP,N/A,QMLE-Trade,2009-3-30,0.350356
SP,N/A,QMLE-Trade,2009-3-31,0.319387
SP,N/A,QMLE-Trade,2009-4-1,0.377861
SP,N/A,QMLE-Trade,2009-4-2,0.403076
SP,N/A,QMLE-Trade,2009-4-3,0.337644
SP,N/A,QMLE-Trade,2009-4-6,0.320563
SP,N/A,QMLE-Trade,2009-4-7,0.309079
SP,N/A,QMLE-Trade,2009-4-8,0.307227
SP,N/A,QMLE-Trade,2009-4-9,0.285491
SP,N/A,QMLE-Trade,2009-4-13,0.257656
SP,N/A,QMLE-Trade,2009-4-15,0.298417
SP,N/A,QMLE-Trade,2009-4-16,0.32896
SP,N/A,QMLE-Trade,2009-4-17,0.273214
SP,N/A,QMLE-Trade,2009-4-20,0.270668
SP,N/A,QMLE-Trade,2009-4-21,0.299918
SP,N/A,QMLE-Trade,2009-4-22,0.343803
SP,N/A,QMLE-Trade,2009-4-23,0.353425
SP,N/A,QMLE-Trade,2009-4-24,0.322472
SP,N/A,QMLE-Trade,2009-4-27,0.309629
SP,N/A,QMLE-Trade,2009-4-28,0.303304
SP,N/A,QMLE-Trade,2009-4-29,0.318427
SP,N/A,QMLE-Trade,2009-4-30,0.28638
SP,N/A,QMLE-Trade,2009-5-1,0.224228
SP,N/A,QMLE-Trade,2009-5-4,0.231538
SP,N/A,QMLE-Trade,2009-5-5,0.220854
SP,N/A,QMLE-Trade,2009-5-7,0.297869
SP,N/A,QMLE-Trade,2009-5-8,0.300849
SP,N/A,QMLE-Trade,2009-5-11,0.25771
SP,N/A,QMLE-Trade,2009-5-12,0.24787
SP,N/A,QMLE-Trade,2009-5-13,0.272059
SP,N/A,QMLE-Trade,2009-5-14,0.284268
SP,N/A,QMLE-Trade,2009-5-15,0.244981
SP,N/A,QMLE-Trade,2009-5-18,0.244475
SP,N/A,QMLE-Trade,2009-5-19,0.22825
SP,N/A,QMLE-Trade,2009-5-21,0.248878
SP,N/A,QMLE-Trade,2009-5-22,0.230891
SP,N/A,QMLE-Trade,2009-5-27,0.269496
SP,N/A,QMLE-Trade,2009-5-28,0.297916
SP,N/A,QMLE-Trade,2009-5-29,0.285156
SP,N/A,QMLE-Trade,2009-6-1,0.239691
SP,N/A,QMLE-Trade,2009-6-2,0.223253
SP,N/A,QMLE-Trade,2009-6-3,0.20654
SP,N/A,QMLE-Trade,2009-6-4,0.336153
SP,N/A,QMLE-Trade,2009-6-5,0.310871
SP,N/A,QMLE-Trade,2009-6-8,0.238284
SP,N/A,QMLE-Trade,2009-6-9,0.232171
SP,N/A,QMLE-Trade,2009-6-10,0.210668
SP,N/A,QMLE-Trade,2009-6-11,0.329773
SP,N/A,QMLE-Trade,2009-6-12,0.180235
SP,N/A,QMLE-Trade,2009-6-15,0.198129
SP,N/A,QMLE-Trade,2009-6-16,0.286516
SP,N/A,QMLE-Trade,2009-6-17,0.232012
SP,N/A,QMLE-Trade,2009-6-18,0.227637
SP,N/A,QMLE-Trade,2009-6-19,0.177254
SP,N/A,QMLE-Trade,2009-6-22,0.208726
SP,N/A,QMLE-Trade,2009-6-23,0.227189
SP,N/A,QMLE-Trade,2009-6-24,0.250173
SP,N/A,QMLE-Trade,2009-6-25,0.257365
SP,N/A,QMLE-Trade,2009-6-26,0.192017
SP,N/A,QMLE-Trade,2009-6-29,0.165818
SP,N/A,QMLE-Trade,2009-6-30,0.174992
SP,N/A,QMLE-Trade,2009-7-6,0.221393
SP,N/A,QMLE-Trade,2009-7-7,0.188758
SP,N/A,QMLE-Trade,2009-7-8,0.250586
SP,N/A,QMLE-Trade,2009-7-9,0.218894
SP,N/A,QMLE-Trade,2009-7-10,0.205531
SP,N/A,QMLE-Trade,2009-7-13,0.23382
SP,N/A,QMLE-Trade,2009-7-14,0.252358
SP,N/A,QMLE-Trade,2009-7-15,0.170327
SP,N/A,QMLE-Trade,2009-7-16,0.209963
SP,N/A,QMLE-Trade,2009-7-17,0.187016
SP,N/A,QMLE-Trade,2009-7-21,0.190078
SP,N/A,QMLE-Trade,2009-7-22,0.20239
SP,N/A,QMLE-Trade,2009-7-23,0.214616
SP,N/A,QMLE-Trade,2009-7-24,0.173382
SP,N/A,QMLE-Trade,2009-7-27,0.196598
SP,N/A,QMLE-Trade,2009-7-28,0.188798
SP,N/A,QMLE-Trade,2009-7-29,0.238209
SP,N/A,QMLE-Trade,2009-7-30,0.205758
SP,N/A,QMLE-Trade,2009-7-31,0.225801
SP,N/A,QMLE-Trade,2009-8-3,0.215926
SP,N/A,QMLE-Trade,2009-8-4,0.167699
SP,N/A,QMLE-Trade,2009-8-5,0.192398
SP,N/A,QMLE-Trade,2009-8-7,0.220666
SP,N/A,QMLE-Trade,2009-8-10,0.155214
SP,N/A,QMLE-Trade,2009-8-13,0.200005
SP,N/A,QMLE-Trade,2009-8-14,0.203316
SP,N/A,QMLE-Trade,2009-8-17,0.222121
SP,N/A,QMLE-Trade,2009-8-18,0.188269
SP,N/A,QMLE-Trade,2009-8-19,0.194086
SP,N/A,QMLE-Trade,2009-8-20,0.154478
SP,N/A,QMLE-Trade,2009-8-21,0.165484
SP,N/A,QMLE-Trade,2009-8-24,0.172076
SP,N/A,QMLE-Trade,2009-8-25,0.222029
SP,N/A,QMLE-Trade,2009-8-26,0.189038
SP,N/A,QMLE-Trade,2009-8-28,0.192584
SP,N/A,QMLE-Trade,2009-8-31,0.176065
SP,N/A,QMLE-Trade,2009-9-1,0.244625
SP,N/A,QMLE-Trade,2009-9-2,0.210635
SP,N/A,QMLE-Trade,2009-9-3,0.191067
SP,N/A,QMLE-Trade,2009-9-4,0.183562
SP,N/A,QMLE-Trade,2009-9-9,0.149469
SP,N/A,QMLE-Trade,2009-9-10,0.227102
SP,N/A,QMLE-Trade,2009-9-11,0.144925
SP,N/A,QMLE-Trade,2009-9-14,0.157979
SP,N/A,QMLE-Trade,2009-9-15,0.157828
SP,N/A,QMLE-Trade,2009-9-16,0.141996
SP,N/A,QMLE-Trade,2009-9-17,0.183686
SP,N/A,QMLE-Trade,2009-9-18,0.150979
SP,N/A,QMLE-Trade,2009-9-22,0.118047
SP,N/A,QMLE-Trade,2009-9-23,0.183796
SP,N/A,QMLE-Trade,2009-9-24,0.218156
SP,N/A,QMLE-Trade,2009-9-25,0.20345
SP,N/A,QMLE-Trade,2009-9-28,0.175142
SP,N/A,QMLE-Trade,2009-9-29,0.187115
SP,N/A,QMLE-Trade,2009-9-30,0.216826
SP,N/A,QMLE-Trade,2009-10-2,0.230323
SP,N/A,QMLE-Trade,2009-10-5,0.195044
SP,N/A,QMLE-Trade,2009-10-7,0.183891
SP,N/A,QMLE-Trade,2009-10-8,0.18327
SP,N/A,QMLE-Trade,2009-10-9,0.130618
SP,N/A,QMLE-Trade,2009-10-12,0.115947
SP,N/A,QMLE-Trade,2009-10-13,0.148802
SP,N/A,QMLE-Trade,2009-10-14,0.121322
SP,N/A,QMLE-Trade,2009-10-15,0.130304
SP,N/A,QMLE-Trade,2009-10-16,0.17277
SP,N/A,QMLE-Trade,2009-10-19,0.153631
SP,N/A,QMLE-Trade,2009-10-20,0.163332
SP,N/A,QMLE-Trade,2009-10-21,0.202342
SP,N/A,QMLE-Trade,2009-10-22,0.199518
SP,N/A,QMLE-Trade,2009-10-23,0.206398
SP,N/A,QMLE-Trade,2009-10-29,0.18768
SP,N/A,QMLE-Trade,2009-10-30,0.275723
SP,N/A,QMLE-Trade,2009-11-2,0.282541
SP,N/A,QMLE-Trade,2009-11-3,0.259916
SP,N/A,QMLE-Trade,2009-11-6,0.262303
SP,N/A,QMLE-Trade,2009-11-9,0.12372
SP,N/A,QMLE-Trade,2009-11-10,0.133593
SP,N/A,QMLE-Trade,2009-11-12,0.186318
SP,N/A,QMLE-Trade,2009-11-13,0.165244
SP,N/A,QMLE-Trade,2009-11-16,0.146075
SP,N/A,QMLE-Trade,2009-11-17,0.150171
SP,N/A,QMLE-Trade,2009-11-19,0.161802
SP,N/A,QMLE-Trade,2009-11-20,0.133157
SP,N/A,QMLE-Trade,2009-11-25,0.131093
SP,N/A,QMLE-Trade,2009-11-27,0.263725
SP,N/A,QMLE-Trade,2009-11-30,0.265708
SP,N/A,QMLE-Trade,2009-12-4,0.242101
SP,N/A,QMLE-Trade,2009-12-7,0.141721
SP,N/A,QMLE-Trade,2009-12-9,0.165335
SP,N/A,QMLE-Trade,2009-12-11,0.138747
SP,N/A,QMLE-Trade,2009-12-14,0.139325
SP,N/A,QMLE-Trade,2009-12-15,0.0978475
SP,N/A,QMLE-Trade,2009-12-16,0.102737
SP,N/A,QMLE-Trade,2009-12-17,0.131908
SP,N/A,QMLE-Trade,2009-12-18,0.141897
SP,N/A,QMLE-Trade,2009-12-21,0.111787
SP,N/A,QMLE-Trade,2009-12-23,0.115529
SP,N/A,QMLE-Trade,2009-12-24,0.0590638
SP,N/A,QMLE-Trade,2009-12-31,0.0858492
SP,N/A,QMLE-Trade,2010-1-6,0.0991472
SP,N/A,QMLE-Trade,2010-1-7,0.109434
SP,N/A,QMLE-Trade,2010-1-8,0.137337
SP,N/A,QMLE-Trade,2010-1-13,0.128
SP,N/A,QMLE-Trade,2010-1-14,0.120854
SP,N/A,QMLE-Trade,2010-1-15,0.155237
SP,N/A,QMLE-Trade,2010-1-19,0.1072
SP,N/A,QMLE-Trade,2010-1-20,0.153332
SP,N/A,QMLE-Trade,2010-1-22,0.226192
SP,N/A,QMLE-Trade,2010-1-25,0.177176
SP,N/A,QMLE-Trade,2010-1-29,0.276804
SP,N/A,QMLE-Trade,2010-2-2,0.160457
SP,N/A,QMLE-Trade,2010-2-3,0.168031
SP,N/A,QMLE-Trade,2010-2-5,0.316928
SP,N/A,QMLE-Trade,2010-2-8,0.219272
SP,N/A,QMLE-Trade,2010-2-10,0.232917
SP,N/A,QMLE-Trade,2010-2-11,0.220619
SP,N/A,QMLE-Trade,2010-2-12,0.241464
SP,N/A,QMLE-Trade,2010-2-17,0.138939
SP,N/A,QMLE-Trade,2010-2-18,0.156714
SP,N/A,QMLE-Trade,2010-2-19,0.14749
SP,N/A,QMLE-Trade,2010-2-22,0.12847
SP,N/A,QMLE-Trade,2010-2-23,0.155475
SP,N/A,QMLE-Trade,2010-2-24,0.15096
SP,N/A,QMLE-Trade,2010-2-25,0.175384
SP,N/A,QMLE-Trade,2010-2-26,0.152571
SP,N/A,QMLE-Trade,2010-3-1,0.11356
SP,N/A,QMLE-Trade,2010-3-2,0.120306
SP,N/A,QMLE-Trade,2010-3-3,0.114391
SP,N/A,QMLE-Trade,2010-3-4,0.117576
SP,N/A,QMLE-Trade,2010-3-5,0.11176
SP,N/A,QMLE-Trade,2010-3-8,0.0874001
SP,N/A,QMLE-Trade,2010-3-9,0.104224
SP,N/A,QMLE-Trade,2010-3-10,0.128468
SP,N/A,QMLE-Trade,2010-3-11,0.125493
SP,N/A,QMLE-Trade,2010-3-12,0.111798
SP,N/A,QMLE-Trade,2010-3-15,0.10202
SP,N/A,QMLE-Trade,2010-3-16,0.101076
SP,N/A,QMLE-Trade,2010-3-17,0.0920874
SP,N/A,QMLE-Trade,2010-3-18,0.104942
SP,N/A,QMLE-Trade,2010-3-19,0.108238
SP,N/A,QMLE-Trade,2010-3-23,0.105161
SP,N/A,QMLE-Trade,2010-3-24,0.131489
SP,N/A,QMLE-Trade,2010-3-25,0.133254
SP,N/A,QMLE-Trade,2010-3-26,0.139118
SP,N/A,QMLE-Trade,2010-3-29,0.0982812
SP,N/A,QMLE-Trade,2010-3-30,0.103029
SP,N/A,QMLE-Trade,2010-3-31,0.116915
SP,N/A,QMLE-Trade,2010-4-1,0.106549
SP,N/A,QMLE-Trade,2010-4-5,0.0873279
SP,N/A,QMLE-Trade,2010-4-6,0.0961382
SP,N/A,QMLE-Trade,2010-4-7,0.101264
SP,N/A,QMLE-Trade,2010-4-8,0.112352
SP,N/A,QMLE-Trade,2010-4-9,0.0913299
SP,N/A,QMLE-Trade,2010-4-12,0.0803752
SP,N/A,QMLE-Trade,2010-4-13,0.1027
SP,N/A,QMLE-Trade,2010-4-14,0.0743477
SP,N/A,QMLE-Trade,2010-4-15,0.0891678
SP,N/A,QMLE-Trade,2010-4-16,0.186326
SP,N/A,QMLE-Trade,2010-4-19,0.154793
SP,N/A,QMLE-Trade,2010-4-20,0.118613
SP,N/A,QMLE-Trade,2010-4-21,0.128615
SP,N/A,QMLE-Trade,2010-4-22,0.166985
SP,N/A,QMLE-Trade,2010-4-23,0.139428
SP,N/A,QMLE-Trade,2010-4-26,0.11996
SP,N/A,QMLE-Trade,2010-4-27,0.182853
SP,N/A,QMLE-Trade,2010-4-28,0.207664
SP,N/A,QMLE-Trade,2010-4-29,0.136792
SP,N/A,QMLE-Trade,2010-4-30,0.178574
SP,N/A,QMLE-Trade,2010-5-3,0.144115
SP,N/A,QMLE-Trade,2010-5-4,0.20524
SP,N/A,QMLE-Trade,2010-5-5,0.243432
SP,N/A,QMLE-Trade,2010-5-6,0.764293
SP,N/A,QMLE-Trade,2010-5-7,0.586121
SP,N/A,QMLE-Trade,2010-5-10,0.306074
SP,N/A,QMLE-Trade,2010-5-11,0.260417
SP,N/A,QMLE-Trade,2010-5-12,0.216271
SP,N/A,QMLE-Trade,2010-5-13,0.200698
SP,N/A,QMLE-Trade,2010-5-14,0.277454
SP,N/A,QMLE-Trade,2010-5-17,0.286175
SP,N/A,QMLE-Trade,2010-5-18,0.269208
SP,N/A,QMLE-Trade,2010-5-19,0.33945
SP,N/A,QMLE-Trade,2010-5-20,0.417191
SP,N/A,QMLE-Trade,2010-5-21,0.449203
SP,N/A,QMLE-Trade,2010-5-24,0.299837
SP,N/A,QMLE-Trade,2010-5-25,0.372088
SP,N/A,QMLE-Trade,2010-5-26,0.304849
SP,N/A,QMLE-Trade,2010-5-27,0.281267
SP,N/A,QMLE-Trade,2010-5-28,0.274042
SP,N/A,QMLE-Trade,2010-6-1,0.291214
SP,N/A,QMLE-Trade,2010-6-2,0.244574
SP,N/A,QMLE-Trade,2010-6-3,0.20994
SP,N/A,QMLE-Trade,2010-6-4,0.308299
SP,N/A,QMLE-Trade,2010-6-7,0.277128
SP,N/A,QMLE-Trade,2010-6-8,0.301834
SP,N/A,QMLE-Trade,2010-6-9,0.262029
SP,N/A,QMLE-Trade,2010-6-10,0.268075
SP,N/A,QMLE-Trade,2010-6-11,0.215703
SP,N/A,QMLE-Trade,2010-6-14,0.195991
SP,N/A,QMLE-Trade,2010-6-15,0.179804
SP,N/A,QMLE-Trade,2010-6-16,0.169485
SP,N/A,QMLE-Trade,2010-6-17,0.194168
SP,N/A,QMLE-Trade,2010-6-18,0.13315
SP,N/A,QMLE-Trade,2010-6-21,0.207178
SP,N/A,QMLE-Trade,2010-6-23,0.231592
SP,N/A,QMLE-Trade,2010-6-24,0.23421
SP,N/A,QMLE-Trade,2010-6-25,0.225359
SP,N/A,QMLE-Trade,2010-6-30,0.246249
SP,N/A,QMLE-Trade,2010-7-2,0.266453
SP,N/A,QMLE-Trade,2010-7-6,0.249796
SP,N/A,QMLE-Trade,2010-7-7,0.209157
SP,N/A,QMLE-Trade,2010-7-8,0.192441
SP,N/A,QMLE-Trade,2010-7-9,0.143898
SP,N/A,QMLE-Trade,2010-7-12,0.162343
SP,N/A,QMLE-Trade,2010-7-13,0.201003
SP,N/A,QMLE-Trade,2010-7-14,0.16142
SP,N/A,QMLE-Trade,2010-7-16,0.208373
SP,N/A,QMLE-Trade,2010-7-20,0.24282
SP,N/A,QMLE-Trade,2010-7-21,0.225771
SP,N/A,QMLE-Trade,2010-7-22,0.204131
SP,N/A,QMLE-Trade,2010-7-23,0.222275
SP,N/A,QMLE-Trade,2010-7-26,0.158879
SP,N/A,QMLE-Trade,2010-7-27,0.160079
SP,N/A,QMLE-Trade,2010-7-28,0.154458
SP,N/A,QMLE-Trade,2010-7-29,0.21517
SP,N/A,QMLE-Trade,2010-7-30,0.220556
SP,N/A,QMLE-Trade,2010-8-2,0.139515
SP,N/A,QMLE-Trade,2010-8-3,0.137009
SP,N/A,QMLE-Trade,2010-8-4,0.157391
SP,N/A,QMLE-Trade,2010-8-5,0.133947
SP,N/A,QMLE-Trade,2010-8-6,0.206657
SP,N/A,QMLE-Trade,2010-8-9,0.118955
SP,N/A,QMLE-Trade,2010-8-10,0.201114
SP,N/A,QMLE-Trade,2010-8-11,0.180464
SP,N/A,QMLE-Trade,2010-8-12,0.208294
SP,N/A,QMLE-Trade,2010-8-13,0.198615
SP,N/A,QMLE-Trade,2010-8-16,0.211304
SP,N/A,QMLE-Trade,2010-8-18,0.176039
SP,N/A,QMLE-Trade,2010-8-19,0.216791
SP,N/A,QMLE-Trade,2010-8-20,0.179776
SP,N/A,QMLE-Trade,2010-8-23,0.156242
SP,N/A,QMLE-Trade,2010-8-24,0.209371
SP,N/A,QMLE-Trade,2010-8-25,0.223121
SP,N/A,QMLE-Trade,2010-8-26,0.196438
SP,N/A,QMLE-Trade,2010-8-27,0.229135
SP,N/A,QMLE-Trade,2010-8-30,0.163021
SP,N/A,QMLE-Trade,2010-8-31,0.250283
SP,N/A,QMLE-Trade,2010-9-1,0.201341
SP,N/A,QMLE-Trade,2010-9-2,0.139297
SP,N/A,QMLE-Trade,2010-9-3,0.155361
SP,N/A,QMLE-Trade,2010-9-7,0.158936
SP,N/A,QMLE-Trade,2010-9-8,0.161321
SP,N/A,QMLE-Trade,2010-9-9,0.144381
SP,N/A,QMLE-Trade,2010-9-10,0.122849
SP,N/A,QMLE-Trade,2010-9-13,0.166341
SP,N/A,QMLE-Trade,2010-9-14,0.133224
SP,N/A,QMLE-Trade,2010-9-15,0.137697
SP,N/A,QMLE-Trade,2010-9-16,0.165953
SP,N/A,QMLE-Trade,2010-9-17,0.139575
SP,N/A,QMLE-Trade,2010-9-20,0.127442
SP,N/A,QMLE-Trade,2010-9-21,0.156902
SP,N/A,QMLE-Trade,2010-9-22,0.1679
SP,N/A,QMLE-Trade,2010-9-23,0.163305
SP,N/A,QMLE-Trade,2010-9-24,0.149178
SP,N/A,QMLE-Trade,2010-9-27,0.132438
SP,N/A,QMLE-Trade,2010-9-28,0.182284
SP,N/A,QMLE-Trade,2010-9-29,0.163808
SP,N/A,QMLE-Trade,2010-9-30,0.198446
SP,N/A,QMLE-Trade,2010-10-1,0.185462
SP,N/A,QMLE-Trade,2010-10-4,0.178843
SP,N/A,QMLE-Trade,2010-10-5,0.144039
SP,N/A,QMLE-Trade,2010-10-6,0.127257
SP,N/A,QMLE-Trade,2010-10-7,0.148238
SP,N/A,QMLE-Trade,2010-10-8,0.196036
SP,N/A,QMLE-Trade,2010-10-11,0.107814
SP,N/A,QMLE-Trade,2010-10-12,0.153722
SP,N/A,QMLE-Trade,2010-10-13,0.122276
SP,N/A,QMLE-Trade,2010-10-14,0.1538
SP,N/A,QMLE-Trade,2010-10-15,0.197883
SP,N/A,QMLE-Trade,2010-10-18,0.140665
SP,N/A,QMLE-Trade,2010-10-19,0.198448
SP,N/A,QMLE-Trade,2010-10-20,0.164585
SP,N/A,QMLE-Trade,2010-10-21,0.176054
SP,N/A,QMLE-Trade,2010-10-22,0.118172
SP,N/A,QMLE-Trade,2010-10-25,0.146869
SP,N/A,QMLE-Trade,2010-10-26,0.128149
SP,N/A,QMLE-Trade,2010-10-27,0.150294
SP,N/A,QMLE-Trade,2010-10-28,0.139697
SP,N/A,QMLE-Trade,2010-10-29,0.139914
SP,N/A,QMLE-Trade,2010-11-1,0.146758
SP,N/A,QMLE-Trade,2010-11-3,0.201617
SP,N/A,QMLE-Trade,2010-11-4,0.112183
SP,N/A,QMLE-Trade,2010-11-5,0.132537
SP,N/A,QMLE-Trade,2010-11-9,0.119462
SP,N/A,QMLE-Trade,2010-11-10,0.153385
SP,N/A,QMLE-Trade,2010-11-11,0.150781
SP,N/A,QMLE-Trade,2010-11-12,0.197881
SP,N/A,QMLE-Trade,2010-11-15,0.144462
SP,N/A,QMLE-Trade,2010-11-16,0.19886
SP,N/A,QMLE-Trade,2010-11-17,0.138891
SP,N/A,QMLE-Trade,2010-11-18,0.119091
SP,N/A,QMLE-Trade,2010-11-19,0.128199
SP,N/A,QMLE-Trade,2010-11-22,0.151268
SP,N/A,QMLE-Trade,2010-11-24,0.159285
SP,N/A,QMLE-Trade,2010-11-26,0.15707
SP,N/A,QMLE-Trade,2010-11-29,0.195589
SP,N/A,QMLE-Trade,2010-11-30,0.196622
SP,N/A,QMLE-Trade,2010-12-2,0.126219
SP,N/A,QMLE-Trade,2010-12-3,0.156189
SP,N/A,QMLE-Trade,2010-12-6,0.110692
SP,N/A,QMLE-Trade,2010-12-7,0.134325
SP,N/A,QMLE-Trade,2010-12-8,0.173683
SP,N/A,QMLE-Trade,2010-12-9,0.12778
SP,N/A,QMLE-Trade,2010-12-10,0.0974767
SP,N/A,QMLE-Trade,2010-12-13,0.102203
SP,N/A,QMLE-Trade,2010-12-14,0.0903373
SP,N/A,QMLE-Trade,2010-12-15,0.114658
SP,N/A,QMLE-Trade,2010-12-16,0.130541
SP,N/A,QMLE-Trade,2010-12-17,0.0839217
SP,N/A,QMLE-Trade,2010-12-20,0.0899412
SP,N/A,QMLE-Trade,2010-12-21,0.0624911
SP,N/A,QMLE-Trade,2010-12-22,0.0587156
SP,N/A,QMLE-Trade,2010-12-23,0.0537154
SP,N/A,QMLE-Trade,2010-12-27,0.0755301
SP,N/A,QMLE-Trade,2010-12-28,0.0522292
SP,N/A,QMLE-Trade,2010-12-29,0.0452104
SP,N/A,QMLE-Trade,2010-12-30,0.0652761
SP,N/A,QMLE-Trade,2010-12-31,0.0767541
SP,N/A,QMLE-Trade,2011-1-3,0.0881858
SP,N/A,QMLE-Trade,2011-1-4,0.0897108
SP,N/A,QMLE-Trade,2011-1-5,0.109206
SP,N/A,QMLE-Trade,2011-1-6,0.104144
SP,N/A,QMLE-Trade,2011-1-7,0.154923
SP,N/A,QMLE-Trade,2011-1-10,0.120927
SP,N/A,QMLE-Trade,2011-1-11,0.102702
SP,N/A,QMLE-Trade,2011-1-12,0.0789232
SP,N/A,QMLE-Trade,2011-1-13,0.0957034
SP,N/A,QMLE-Trade,2011-1-14,0.114366
SP,N/A,QMLE-Trade,2011-1-18,0.0969773
SP,N/A,QMLE-Trade,2011-1-19,0.106185
SP,N/A,QMLE-Trade,2011-1-20,0.144613
SP,N/A,QMLE-Trade,2011-1-21,0.11156
SP,N/A,QMLE-Trade,2011-1-24,0.114892
SP,N/A,QMLE-Trade,2011-1-25,0.127074
SP,N/A,QMLE-Trade,2011-1-26,0.115573
SP,N/A,QMLE-Trade,2011-1-27,0.1222
SP,N/A,QMLE-Trade,2011-1-28,0.160085
SP,N/A,QMLE-Trade,2011-1-31,0.14632
SP,N/A,QMLE-Trade,2011-2-1,0.112645
SP,N/A,QMLE-Trade,2011-2-2,0.0851428
SP,N/A,QMLE-Trade,2011-2-4,0.144938
SP,N/A,QMLE-Trade,2011-2-7,0.0909661
SP,N/A,QMLE-Trade,2011-2-8,0.0893079
SP,N/A,QMLE-Trade,2011-2-9,0.102676
SP,N/A,QMLE-Trade,2011-2-10,0.133411
SP,N/A,QMLE-Trade,2011-2-11,0.109996
SP,N/A,QMLE-Trade,2011-2-14,0.0756412
SP,N/A,QMLE-Trade,2011-2-15,0.09044
SP,N/A,QMLE-Trade,2011-2-16,0.0984368
SP,N/A,QMLE-Trade,2011-2-17,0.0841064
SP,N/A,QMLE-Trade,2011-2-18,0.0782287
SP,N/A,QMLE-Trade,2011-2-22,0.152264
SP,N/A,QMLE-Trade,2011-2-23,0.167846
SP,N/A,QMLE-Trade,2011-2-24,0.200902
SP,N/A,QMLE-Trade,2011-2-25,0.109382
SP,N/A,QMLE-Trade,2011-2-28,0.108539
SP,N/A,QMLE-Trade,2011-3-1,0.162325
SP,N/A,QMLE-Trade,2011-3-2,0.172929
SP,N/A,QMLE-Trade,2011-3-3,0.136489
SP,N/A,QMLE-Trade,2011-3-4,0.158371
SP,N/A,QMLE-Trade,2011-3-7,0.17486
SP,N/A,QMLE-Trade,2011-3-8,0.15861
SP,N/A,QMLE-Trade,2011-3-9,0.169495
SP,N/A,QMLE-Trade,2011-3-10,0.205713
SP,N/A,QMLE-Trade,2011-3-11,0.194608
SP,N/A,QMLE-Trade,2011-3-15,0.310596
SP,N/A,QMLE-Trade,2011-3-16,0.334465
SP,N/A,QMLE-Trade,2011-3-17,0.23234
SP,N/A,QMLE-Trade,2011-3-18,0.201276
SP,N/A,QMLE-Trade,2011-3-25,0.0932484
SP,N/A,QMLE-Trade,2011-3-28,0.115803
SP,N/A,QMLE-Trade,2011-3-30,0.102307
SP,N/A,QMLE-Trade,2011-4-1,0.105398
SP,N/A,QMLE-Trade,2011-4-4,0.0899727
SP,N/A,QMLE-Trade,2011-4-8,0.108224
SP,N/A,QMLE-Trade,2011-4-11,0.119501
SP,N/A,QMLE-Trade,2011-4-12,0.125415
SP,N/A,QMLE-Trade,2011-4-14,0.12965
SP,N/A,QMLE-Trade,2011-4-15,0.114023
SP,N/A,QMLE-Trade,2011-4-18,0.168477
SP,N/A,QMLE-Trade,2011-4-20,0.118728
SP,N/A,QMLE-Trade,2011-4-25,0.0737089
SP,N/A,QMLE-Trade,2011-4-26,0.0862882
SP,N/A,QMLE-Trade,2011-4-28,0.09297
SP,N/A,QMLE-Trade,2011-4-29,0.076219
SP,N/A,QMLE-Trade,2011-5-4,0.154655
SP,N/A,QMLE-Trade,2011-5-5,0.177751
SP,N/A,QMLE-Trade,2011-5-6,0.192652
SP,N/A,QMLE-Trade,2011-5-9,0.13565
SP,N/A,QMLE-Trade,2011-5-13,0.148564
SP,N/A,QMLE-Trade,2011-5-16,0.158005
SP,N/A,QMLE-Trade,2011-5-20,0.124652
SP,N/A,QMLE-Trade,2011-5-23,0.143047
SP,N/A,QMLE-Trade,2011-5-26,0.146294
SP,N/A,QMLE-Trade,2011-5-27,0.104205
SP,N/A,QMLE-Trade,2011-5-31,0.104876
SP,N/A,QMLE-Trade,2011-6-3,0.181941
SP,N/A,QMLE-Trade,2011-6-7,0.135021
SP,N/A,QMLE-Trade,2011-6-8,0.164292
SP,N/A,QMLE-Trade,2011-6-9,0.130408
SP,N/A,QMLE-Trade,2011-6-10,0.167142
SP,N/A,QMLE-Trade,2011-6-14,0.131656
SP,N/A,QMLE-Trade,2011-6-16,0.193541
SP,N/A,QMLE-Trade,2011-6-17,0.17064
SP,N/A,QMLE-Trade,2011-6-21,0.122887
SP,N/A,QMLE-Trade,2011-6-22,0.123051
SP,N/A,QMLE-Trade,2011-6-23,0.209061
SP,N/A,QMLE-Trade,2011-6-24,0.189566
SP,N/A,QMLE-Trade,2011-6-28,0.134372
SP,N/A,QMLE-Trade,2011-6-30,0.11776
SP,N/A,QMLE-Trade,2011-7-1,0.129733
SP,N/A,QMLE-Trade,2011-7-6,0.118516
SP,N/A,QMLE-Trade,2011-7-7,0.104054
SP,N/A,QMLE-Trade,2011-7-8,0.167579
SP,N/A,QMLE-Trade,2011-7-15,0.193212
SP,N/A,QMLE-Trade,2011-7-22,0.113646
SP,N/A,QMLE-Trade,2011-7-29,0.272053
SP,N/A,QMLE-Trade,2011-8-5,0.579519
SP,N/A,QMLE-Trade,2011-8-12,0.414617
SP,N/A,QMLE-Trade,2011-8-19,0.444711
SP,N/A,QMLE-Trade,2011-8-26,0.381729
SP,N/A,QMLE-Trade,2011-9-2,0.258493
SP,N/A,QMLE-Trade,2011-9-9,0.309145
SP,N/A,QMLE-Trade,2011-9-16,0.226222
SP,N/A,QMLE-Trade,2011-9-23,0.433774
SP,N/A,QMLE-Trade,2011-9-30,0.340813
SP,N/A,QMLE-Trade,2011-10-7,0.341642
SP,N/A,QMLE-Trade,2011-10-14,0.213188
SP,N/A,QMLE-Trade,2011-10-21,0.194166
SP,N/A,QMLE-Trade,2011-10-28,0.180758
SP,N/A,QMLE-Trade,2011-11-4,0.249501
SP,N/A,QMLE-Trade,2011-11-11,0.194891
SP,N/A,QMLE-Trade,2011-11-18,0.231154
SP,N/A,QMLE-Trade,2011-11-25,0.218441
SP,N/A,QMLE-Trade,2011-12-2,0.210886
SP,N/A,QMLE-Trade,2011-12-9,0.268797
SP,N/A,QMLE-Trade,2011-12-16,0.178268
SP,N/A,QMLE-Trade,2011-12-23,0.0946207
SP,N/A,QMLE-Trade,2011-12-30,0.106395
SP,N/A,QMLE-Trade,2012-1-6,0.156242
SP,N/A,QMLE-Trade,2012-1-13,0.154663
SP,N/A,QMLE-Trade,2012-1-20,0.0963874
SP,N/A,QMLE-Trade,2012-1-27,0.139342
SP,N/A,QMLE-Trade,2012-2-3,0.130818
SP,N/A,QMLE-Trade,2012-2-10,0.114999
SP,N/A,QMLE-Trade,2012-2-17,0.080042
SP,N/A,QMLE-Trade,2012-2-24,0.0769008
SP,N/A,QMLE-Trade,2012-3-2,0.0911669
SP,N/A,QMLE-Trade,2012-3-9,0.119437
SP,N/A,QMLE-Trade,2012-3-13,0.115594
SP,N/A,QMLE-Trade,2012-3-14,0.102006
SP,N/A,QMLE-Trade,2012-3-16,0.0639589
SP,N/A,QMLE-Trade,2012-3-19,0.0857047
SP,N/A,QMLE-Trade,2012-3-23,0.106794
SP,N/A,QMLE-Trade,2012-3-30,0.102119
SP,N/A,QMLE-Trade,2012-4-13,0.150367
SP,N/A,QMLE-Trade,2012-4-20,0.123364
SP,N/A,QMLE-Trade,2012-4-27,0.135954
SP,N/A,QMLE-Trade,2012-5-4,0.168397
SP,N/A,QMLE-Trade,2012-5-11,0.150943
SP,N/A,QMLE-Trade,2012-5-18,0.205582
SP,N/A,QMLE-Trade,2012-5-25,0.154383
SP,N/A,QMLE-Trade,2012-6-1,0.231441
SP,N/A,QMLE-Trade,2012-6-8,0.179506
SP,N/A,QMLE-Trade,2012-6-15,0.11714
SP,N/A,QMLE-Trade,2012-6-22,0.128917
SP,N/A,QMLE-Trade,2012-6-29,0.177164
SP,N/A,QMLE-Trade,2012-7-6,0.138843
SP,N/A,QMLE-Trade,2012-7-13,0.129285
SP,N/A,QMLE-Trade,2012-7-20,0.120642
SP,N/A,QMLE-Trade,2012-7-27,0.158669
SP,N/A,QMLE-Trade,2012-8-2,0.204551
SP,N/A,QMLE-Trade,2012-8-3,0.128808
SP,N/A,QMLE-Trade,2012-8-6,0.0840911
SP,N/A,QMLE-Trade,2012-8-7,0.0845781
SP,N/A,QMLE-Trade,2012-8-8,0.093637
SP,N/A,QMLE-Trade,2012-8-9,0.0990931
SP,N/A,QMLE-Trade,2012-8-10,0.105822
SP,N/A,QMLE-Trade,2012-8-13,0.0943296
SP,N/A,QMLE-Trade,2012-8-14,0.102976
SP,N/A,QMLE-Trade,2012-8-15,0.0869395
SP,N/A,QMLE-Trade,2012-8-16,0.0865354
SP,N/A,QMLE-Trade,2012-8-17,0.0708813
SP,N/A,QMLE-Trade,2012-8-20,0.0715567
SP,N/A,QMLE-Trade,2012-8-21,0.0963082
SP,N/A,QMLE-Trade,2012-8-22,0.111084
SP,N/A,QMLE-Trade,2012-8-23,0.117991
SP,N/A,QMLE-Trade,2012-8-24,0.0997551
SP,N/A,QMLE-Trade,2012-8-27,0.0884914
SP,N/A,QMLE-Trade,2012-8-28,0.10543
SP,N/A,QMLE-Trade,2012-8-29,0.0720777
SP,N/A,QMLE-Trade,2012-8-30,0.0874649
SP,N/A,QMLE-Trade,2012-8-31,0.153394
SP,N/A,QMLE-Trade,2012-9-4,0.11166
SP,N/A,QMLE-Trade,2012-9-5,0.117885
SP,N/A,QMLE-Trade,2012-9-6,0.124706
SP,N/A,QMLE-Trade,2012-9-7,0.113643
SP,N/A,QMLE-Trade,2012-9-10,0.0720503
SP,N/A,QMLE-Trade,2012-9-11,0.0940579
SP,N/A,QMLE-Trade,2012-9-12,0.116942
SP,N/A,QMLE-Trade,2012-9-13,0.170273
SP,N/A,QMLE-Trade,2012-9-14,0.117546
SP,N/A,QMLE-Trade,2012-9-17,0.0719304
SP,N/A,QMLE-Trade,2012-9-18,0.0818345
SP,N/A,QMLE-Trade,2012-9-19,0.101181
SP,N/A,QMLE-Trade,2012-9-20,0.09563
SP,N/A,QMLE-Trade,2012-9-21,0.0768833
SP,N/A,QMLE-Trade,2012-9-24,0.0916093
SP,N/A,QMLE-Trade,2012-9-25,0.110758
SP,N/A,QMLE-Trade,2012-9-26,0.123989
SP,N/A,QMLE-Trade,2012-9-27,0.10309
SP,N/A,QMLE-Trade,2012-9-28,0.121245
SP,N/A,QMLE-Trade,2012-10-1,0.151547
SP,N/A,QMLE-Trade,2012-10-2,0.114347
SP,N/A,QMLE-Trade,2012-10-3,0.117528
SP,N/A,QMLE-Trade,2012-10-4,0.121304
SP,N/A,QMLE-Trade,2012-10-5,0.123001
SP,N/A,QMLE-Trade,2012-10-8,0.0801016
SP,N/A,QMLE-Trade,2012-10-9,0.114885
SP,N/A,QMLE-Trade,2012-10-10,0.119473
SP,N/A,QMLE-Trade,2012-10-11,0.105857
SP,N/A,QMLE-Trade,2012-10-12,0.118754
SP,N/A,QMLE-Trade,2012-10-15,0.118402
SP,N/A,QMLE-Trade,2012-10-16,0.0883063
SP,N/A,QMLE-Trade,2012-10-17,0.0971875
SP,N/A,QMLE-Trade,2012-10-18,0.114527
SP,N/A,QMLE-Trade,2012-10-19,0.122709
SP,N/A,QMLE-Trade,2012-10-22,0.134768
SP,N/A,QMLE-Trade,2012-10-24,0.149398
SP,N/A,QMLE-Trade,2012-10-25,0.168003
SP,N/A,QMLE-Trade,2012-10-26,0.167566
SP,N/A,QMLE-Trade,2012-10-31,0.125238
SP,N/A,QMLE-Trade,2012-11-1,0.127325
SP,N/A,QMLE-Trade,2012-11-2,0.132708
SP,N/A,QMLE-Trade,2012-11-5,0.11667
SP,N/A,QMLE-Trade,2012-11-6,0.109045
SP,N/A,QMLE-Trade,2012-11-7,0.222561
SP,N/A,QMLE-Trade,2012-11-8,0.184492
SP,N/A,QMLE-Trade,2012-11-9,0.195433
SP,N/A,QMLE-Trade,2012-11-12,0.125256
SP,N/A,QMLE-Trade,2012-11-13,0.175543
SP,N/A,QMLE-Trade,2012-11-14,0.170104
SP,N/A,QMLE-Trade,2012-11-15,0.168316
SP,N/A,QMLE-Trade,2012-11-16,0.192469
SP,N/A,QMLE-Trade,2012-11-19,0.103921
SP,N/A,QMLE-Trade,2012-11-20,0.138406
SP,N/A,QMLE-Trade,2012-11-21,0.122491
SP,N/A,QMLE-Trade,2012-11-23,0.0908531
SP,N/A,QMLE-Trade,2012-11-26,0.102427
SP,N/A,QMLE-Trade,2012-11-27,0.138857
SP,N/A,QMLE-Trade,2012-11-28,0.14846
SP,N/A,QMLE-Trade,2012-11-29,0.14893
SP,N/A,QMLE-Trade,2012-11-30,0.119325
SP,N/A,QMLE-Trade,2012-12-3,0.124299
SP,N/A,QMLE-Trade,2012-12-4,0.120855
SP,N/A,QMLE-Trade,2012-12-5,0.149554
SP,N/A,QMLE-Trade,2012-12-6,0.1157
SP,N/A,QMLE-Trade,2012-12-7,0.125486
SP,N/A,QMLE-Trade,2012-12-10,0.0924034
SP,N/A,QMLE-Trade,2012-12-11,0.0876992
SP,N/A,QMLE-Trade,2012-12-12,0.108539
SP,N/A,QMLE-Trade,2012-12-13,0.116669
SP,N/A,QMLE-Trade,2012-12-14,0.129853
SP,N/A,QMLE-Trade,2012-12-17,0.115239
SP,N/A,QMLE-Trade,2012-12-18,0.116636
SP,N/A,QMLE-Trade,2012-12-19,0.113326
SP,N/A,QMLE-Trade,2012-12-20,0.113281
SP,N/A,QMLE-Trade,2012-12-21,0.314639
SP,N/A,QMLE-Trade,2012-12-24,0.0734795
SP,N/A,QMLE-Trade,2012-12-26,0.14013
SP,N/A,QMLE-Trade,2012-12-27,0.17014
SP,N/A,QMLE-Trade,2012-12-28,0.163862
SP,N/A,QMLE-Trade,2012-12-31,0.197977
SP,N/A,QMLE-Trade,2013-1-2,0.178591
SP,N/A,QMLE-Trade,2013-1-3,0.101122
SP,N/A,QMLE-Trade,2013-1-4,0.105831
SP,N/A,QMLE-Trade,2013-1-7,0.0727286
SP,N/A,QMLE-Trade,2013-1-8,0.0920881
SP,N/A,QMLE-Trade,2013-1-9,0.0855219
SP,N/A,QMLE-Trade,2013-1-10,0.0939295
SP,N/A,QMLE-Trade,2013-1-11,0.0801241
SP,N/A,QMLE-Trade,2013-1-14,0.0845669
SP,N/A,QMLE-Trade,2013-1-15,0.0825692
SP,N/A,QMLE-Trade,2013-1-16,0.0742979
SP,N/A,QMLE-Trade,2013-1-17,0.0844249
SP,N/A,QMLE-Trade,2013-1-18,0.0806377
SP,N/A,QMLE-Trade,2013-1-22,0.0925908
SP,N/A,QMLE-Trade,2013-1-23,0.0687463
SP,N/A,QMLE-Trade,2013-1-24,0.102465
SP,N/A,QMLE-Trade,2013-1-25,0.0999533
SP,N/A,QMLE-Trade,2013-1-28,0.0713504
SP,N/A,QMLE-Trade,2013-1-29,0.0830784
SP,N/A,QMLE-Trade,2013-1-30,0.0858293
SP,N/A,QMLE-Trade,2013-1-31,0.100684
SP,N/A,QMLE-Trade,2013-2-1,0.0971704
SP,N/A,QMLE-Trade,2013-2-4,0.0819183
SP,N/A,QMLE-Trade,2013-2-5,0.082177
SP,N/A,QMLE-Trade,2013-2-6,0.0874601
SP,N/A,QMLE-Trade,2013-2-7,0.110662
SP,N/A,QMLE-Trade,2013-2-8,0.0766936
SP,N/A,QMLE-Trade,2013-2-11,0.0646234
SP,N/A,QMLE-Trade,2013-2-12,0.0691906
SP,N/A,QMLE-Trade,2013-2-13,0.0742947
SP,N/A,QMLE-Trade,2013-2-14,0.075979
SP,N/A,QMLE-Trade,2013-2-15,0.0795952
SP,N/A,QMLE-Trade,2013-2-19,0.0680428
SP,N/A,QMLE-Trade,2013-2-20,0.097139
SP,N/A,QMLE-Trade,2013-2-21,0.11768
SP,N/A,QMLE-Trade,2013-2-22,0.096172
SP,N/A,QMLE-Trade,2013-2-25,0.148169
SP,N/A,QMLE-Trade,2013-2-26,0.153284
SP,N/A,QMLE-Trade,2013-2-27,0.121297
SP,N/A,QMLE-Trade,2013-2-28,0.114966
SP,N/A,QMLE-Trade,2013-3-1,0.129608
SP,N/A,QMLE-Trade,2013-3-4,0.114203
SP,N/A,QMLE-Trade,2013-3-5,0.0889973
SP,N/A,QMLE-Trade,2013-3-6,0.0796196
SP,N/A,QMLE-Trade,2013-3-7,0.0749318
SP,N/A,QMLE-Trade,2013-3-8,0.103641
SP,N/A,QMLE-Trade,2013-3-11,0.0684968
SP,N/A,QMLE-Trade,2013-3-12,0.0745419
SP,N/A,QMLE-Trade,2013-3-13,0.0845371
SP,N/A,QMLE-Trade,2013-3-14,0.0570254
SP,N/A,QMLE-Trade,2013-3-15,0.0706603
SP,N/A,QMLE-Trade,2013-3-18,0.128396
SP,N/A,QMLE-Trade,2013-3-19,0.139604
SP,N/A,QMLE-Trade,2013-3-20,0.107529
SP,N/A,QMLE-Trade,2013-3-21,0.117481
SP,N/A,QMLE-Trade,2013-3-22,0.107356
SP,N/A,QMLE-Trade,2013-3-25,0.128509
SP,N/A,QMLE-Trade,2013-3-26,0.0891097
SP,N/A,QMLE-Trade,2013-3-27,0.0945618
SP,N/A,QMLE-Trade,2013-3-28,0.093881
SP,N/A,QMLE-Trade,2013-4-1,0.10688
SP,N/A,QMLE-Trade,2013-4-2,0.0828927
SP,N/A,QMLE-Trade,2013-4-3,0.0991988
SP,N/A,QMLE-Trade,2013-4-4,0.121174
SP,N/A,QMLE-Trade,2013-4-5,0.135906
SP,N/A,QMLE-Trade,2013-4-8,0.0921428
SP,N/A,QMLE-Trade,2013-4-9,0.0862209
SP,N/A,QMLE-Trade,2013-4-10,0.0873542
SP,N/A,QMLE-Trade,2013-4-11,0.088671
SP,N/A,QMLE-Trade,2013-4-12,0.103258
SP,N/A,QMLE-Trade,2013-4-15,0.178279
SP,N/A,QMLE-Trade,2013-4-16,0.136317
SP,N/A,QMLE-Trade,2013-4-17,0.167725
SP,N/A,QMLE-Trade,2013-4-18,0.15285
SP,N/A,QMLE-Trade,2013-4-19,0.116022
SP,N/A,QMLE-Trade,2013-4-22,0.123871
SP,N/A,QMLE-Trade,2013-4-23,0.167758
SP,N/A,QMLE-Trade,2013-4-24,0.0953752
SP,N/A,QMLE-Trade,2013-4-25,0.0922851
SP,N/A,QMLE-Trade,2013-4-26,0.107237
SP,N/A,QMLE-Trade,2013-4-29,0.0814115
SP,N/A,QMLE-Trade,2013-4-30,0.0800221
SP,N/A,QMLE-Trade,2013-5-1,0.0969458
SP,N/A,QMLE-Trade,2013-5-2,0.0961256
SP,N/A,QMLE-Trade,2013-5-3,0.0880452
SP,N/A,QMLE-Trade,2013-5-6,0.0558828
SP,N/A,QMLE-Trade,2013-5-7,0.0689433
SP,N/A,QMLE-Trade,2013-5-8,0.0666972
SP,N/A,QMLE-Trade,2013-5-9,0.0937876
SP,N/A,QMLE-Trade,2013-5-10,0.098615
SP,N/A,QMLE-Trade,2013-5-13,0.0809177
SP,N/A,QMLE-Trade,2013-5-14,0.0842207
SP,N/A,QMLE-Trade,2013-5-15,0.097866
SP,N/A,QMLE-Trade,2013-5-16,0.109544
SP,N/A,QMLE-Trade,2013-5-17,0.0892748
SP,N/A,QMLE-Trade,2013-5-20,0.088669
SP,N/A,QMLE-Trade,2013-5-21,0.0876819
SP,N/A,QMLE-Trade,2013-5-22,0.181176
SP,N/A,QMLE-Trade,2013-5-23,0.205475
SP,N/A,QMLE-Trade,2013-5-24,0.154668
SP,N/A,QMLE-Trade,2013-5-28,0.122575
SP,N/A,QMLE-Trade,2013-5-29,0.14902
SP,N/A,QMLE-Trade,2013-5-30,0.133658
SP,N/A,QMLE-Trade,2013-5-31,0.143357
SP,N/A,QMLE-Trade,2013-6-3,0.171563
SP,N/A,QMLE-Trade,2013-6-4,0.152284
SP,N/A,QMLE-Trade,2013-6-5,0.175982
SP,N/A,QMLE-Trade,2013-6-6,0.167262
SP,N/A,QMLE-Trade,2013-6-7,0.168636
SP,N/A,QMLE-Trade,2013-6-10,0.110599
SP,N/A,QMLE-Trade,2013-6-11,0.141153
SP,N/A,QMLE-Trade,2013-6-12,0.147897
SP,N/A,QMLE-Trade,2013-6-13,0.161243
SP,N/A,QMLE-Trade,2013-6-14,0.146578
SP,N/A,QMLE-Trade,2013-6-17,0.144513
SP,N/A,QMLE-Trade,2013-6-18,0.104319
SP,N/A,QMLE-Trade,2013-6-19,0.176059
SP,N/A,QMLE-Trade,2013-6-20,0.204556
SP,N/A,QMLE-Trade,2013-6-21,0.191699
SP,N/A,QMLE-Trade,2013-6-24,0.290992
SP,N/A,QMLE-Trade,2013-6-25,0.190382
SP,N/A,QMLE-Trade,2013-6-26,0.146482
SP,N/A,QMLE-Trade,2013-6-27,0.117255
SP,N/A,QMLE-Trade,2013-6-28,0.148865
SP,N/A,QMLE-Trade,2013-7-1,0.138431
SP,N/A,QMLE-Trade,2013-7-2,0.138913
SP,N/A,QMLE-Trade,2013-7-3,0.132612
SP,N/A,QMLE-Trade,2013-7-5,0.158751
SP,N/A,QMLE-Trade,2013-7-8,0.109379
SP,N/A,QMLE-Trade,2013-7-9,0.0891943
SP,N/A,QMLE-Trade,2013-7-10,0.124154
SP,N/A,QMLE-Trade,2013-7-11,0.0939155
SP,N/A,QMLE-Trade,2013-7-12,0.0826378
SP,N/A,QMLE-Trade,2013-7-15,0.0630217
SP,N/A,QMLE-Trade,2013-7-16,0.0755521
SP,N/A,QMLE-Trade,2013-7-17,0.106144
SP,N/A,QMLE-Trade,2013-7-18,0.0816026
SP,N/A,QMLE-Trade,2013-7-19,0.0942354
SP,N/A,QMLE-Trade,2013-7-22,0.0760002
SP,N/A,QMLE-Trade,2013-7-23,0.0648269
SP,N/A,QMLE-Trade,2013-7-24,0.0898499
SP,N/A,QMLE-Trade,2013-7-25,0.100887
SP,N/A,QMLE-Trade,2013-7-26,0.0942334
SP,N/A,QMLE-Trade,2013-7-29,0.0940346
SP,N/A,QMLE-Trade,2013-7-30,0.0815472
SP,N/A,QMLE-Trade,2013-7-31,0.133532
SP,N/A,QMLE-Trade,2013-8-1,0.0909816
SP,N/A,QMLE-Trade,2013-8-2,0.0797716
SP,N/A,QMLE-Trade,2013-8-5,0.0536598
SP,N/A,QMLE-Trade,2013-8-6,0.0725099
SP,N/A,QMLE-Trade,2013-8-7,0.0863966
SP,N/A,QMLE-Trade,2013-8-8,0.0841618
SP,N/A,QMLE-Trade,2013-8-9,0.0973598
SP,N/A,QMLE-Trade,2013-8-12,0.0768427
SP,N/A,QMLE-Trade,2013-8-13,0.0890488
SP,N/A,QMLE-Trade,2013-8-14,0.0974051
SP,N/A,QMLE-Trade,2013-8-15,0.114851
SP,N/A,QMLE-Trade,2013-8-16,0.114249
SP,N/A,QMLE-Trade,2013-8-19,0.0890019
SP,N/A,QMLE-Trade,2013-8-20,0.0971812
SP,N/A,QMLE-Trade,2013-8-21,0.149143
SP,N/A,QMLE-Trade,2013-8-22,0.107717
SP,N/A,QMLE-Trade,2013-8-23,0.0904416
SP,N/A,QMLE-Trade,2013-8-26,0.0872393
SP,N/A,QMLE-Trade,2013-8-27,0.127882
SP,N/A,QMLE-Trade,2013-8-28,0.116195
SP,N/A,QMLE-Trade,2013-8-29,0.111852
SP,N/A,QMLE-Trade,2013-8-30,0.145252
SP,N/A,QMLE-Trade,2013-9-3,0.128275
SP,N/A,QMLE-Trade,2013-9-4,0.0959662
SP,N/A,QMLE-Trade,2013-9-5,0.0874846
SP,N/A,QMLE-Trade,2013-9-6,0.148267
SP,N/A,QMLE-Trade,2013-9-9,0.111395
SP,N/A,QMLE-Trade,2013-9-10,0.0737429
SP,N/A,QMLE-Trade,2013-9-11,0.0797932
SP,N/A,QMLE-Trade,2013-9-12,0.0652897
SP,N/A,QMLE-Trade,2013-9-13,0.0696425
SP,N/A,QMLE-Trade,2013-9-16,0.0798214
SP,N/A,QMLE-Trade,2013-9-17,0.057817
SP,N/A,QMLE-Trade,2013-9-18,0.162921
SP,N/A,QMLE-Trade,2013-9-19,0.0819216
SP,N/A,QMLE-Trade,2013-9-20,0.085026
SP,N/A,QMLE-Trade,2013-9-23,0.0988884
SP,N/A,QMLE-Trade,2013-9-24,0.0872732
SP,N/A,QMLE-Trade,2013-9-25,0.124485
SP,N/A,QMLE-Trade,2013-9-26,0.096754
SP,N/A,QMLE-Trade,2013-9-27,0.0897142
SP,N/A,QMLE-Trade,2013-9-30,0.129527
SP,N/A,QMLE-Trade,2013-10-1,0.12192
SP,N/A,QMLE-Trade,2013-10-2,0.113102
SP,N/A,QMLE-Trade,2013-10-3,0.138587
SP,N/A,QMLE-Trade,2013-10-4,0.104966
SP,N/A,QMLE-Trade,2013-10-7,0.103704
SP,N/A,QMLE-Trade,2013-10-8,0.14425
SP,N/A,QMLE-Trade,2013-10-9,0.143871
SP,N/A,QMLE-Trade,2013-10-10,0.111286
SP,N/A,QMLE-Trade,2013-10-11,0.108442
SP,N/A,QMLE-Trade,2013-10-14,0.114637
SP,N/A,QMLE-Trade,2013-10-15,0.152612
SP,N/A,QMLE-Trade,2013-10-16,0.146215
SP,N/A,QMLE-Trade,2013-10-17,0.0872303
SP,N/A,QMLE-Trade,2013-10-18,0.0873
SP,N/A,QMLE-Trade,2013-10-21,0.058498
SP,N/A,QMLE-Trade,2013-10-22,0.105044
SP,N/A,QMLE-Trade,2013-10-23,0.100866
SP,N/A,QMLE-Trade,2013-10-24,0.0940659
SP,N/A,QMLE-Trade,2013-10-25,0.0772772
SP,N/A,QMLE-Trade,2013-10-28,0.0831966
SP,N/A,QMLE-Trade,2013-10-29,0.0746178
SP,N/A,QMLE-Trade,2013-10-30,0.135345
SP,N/A,QMLE-Trade,2013-10-31,0.106046
SP,N/A,QMLE-Trade,2013-11-1,0.0930568
SP,N/A,QMLE-Trade,2013-11-4,0.0582952
SP,N/A,QMLE-Trade,2013-11-5,0.0789878
SP,N/A,QMLE-Trade,2013-11-6,0.0838239
SP,N/A,QMLE-Trade,2013-11-7,0.123977
SP,N/A,QMLE-Trade,2013-11-8,0.129107
SP,N/A,QMLE-Trade,2013-11-11,0.0655916
SP,N/A,QMLE-Trade,2013-11-12,0.0935163
SP,N/A,QMLE-Trade,2013-11-13,0.0953163
SP,N/A,QMLE-Trade,2013-11-14,0.080125
SP,N/A,QMLE-Trade,2013-11-15,0.060583
SP,N/A,QMLE-Trade,2013-11-18,0.0832491
SP,N/A,QMLE-Trade,2013-11-19,0.099444
SP,N/A,QMLE-Trade,2013-11-20,0.122021
SP,N/A,QMLE-Trade,2013-11-21,0.0774247
SP,N/A,QMLE-Trade,2013-11-22,0.0638117
SP,N/A,QMLE-Trade,2013-11-25,0.0609074
SP,N/A,QMLE-Trade,2013-11-26,0.0583913
SP,N/A,QMLE-Trade,2013-11-27,0.0545571
SP,N/A,QMLE-Trade,2013-11-29,0.0640138
SP,N/A,QMLE-Trade,2013-12-2,0.080536
SP,N/A,QMLE-Trade,2013-12-3,0.089962
SP,N/A,QMLE-Trade,2013-12-4,0.118254
SP,N/A,QMLE-Trade,2013-12-5,0.132498
SP,N/A,QMLE-Trade,2013-12-6,0.12539
SP,N/A,QMLE-Trade,2013-12-9,0.0618002
SP,N/A,QMLE-Trade,2013-12-10,0.074658
SP,N/A,QMLE-Trade,2013-12-11,0.101811
SP,N/A,QMLE-Trade,2013-12-12,0.116012
SP,N/A,QMLE-Trade,2013-12-13,0.105463
SP,N/A,QMLE-Trade,2013-12-16,0.118944
SP,N/A,QMLE-Trade,2013-12-17,0.082664
SP,N/A,QMLE-Trade,2013-12-18,0.158492
SP,N/A,QMLE-Trade,2013-12-19,0.0812666
SP,N/A,QMLE-Trade,2013-12-20,0.0674961
SP,N/A,QMLE-Trade,2013-12-23,0.0522542
SP,N/A,QMLE-Trade,2013-12-24,0.0404442
SP,N/A,QMLE-Trade,2013-12-26,0.0313679
SP,N/A,QMLE-Trade,2013-12-27,0.049435
SP,N/A,QMLE-Trade,2013-12-30,0.0381433
SP,N/A,QMLE-Trade,2013-12-31,0.056504
SP,N/A,QMLE-Trade,2014-1-2,0.138879
SP,N/A,QMLE-Trade,2014-1-3,0.0882013
SP,N/A,QMLE-Trade,2014-1-6,0.0918149
SP,N/A,QMLE-Trade,2014-1-7,0.0635152
SP,N/A,QMLE-Trade,2014-1-8,0.0948923
SP,N/A,QMLE-Trade,2014-1-9,0.0822044
SP,N/A,QMLE-Trade,2014-1-10,0.106134
SP,N/A,QMLE-Trade,2014-1-13,0.103522
SP,N/A,QMLE-Trade,2014-1-14,0.0946458
SP,N/A,QMLE-Trade,2014-1-15,0.0759017
SP,N/A,QMLE-Trade,2014-1-16,0.0763044
SP,N/A,QMLE-Trade,2014-1-17,0.0718312
SP,N/A,QMLE-Trade,2014-1-21,0.095813
SP,N/A,QMLE-Trade,2014-1-22,0.0746948
SP,N/A,QMLE-Trade,2014-1-23,0.128066
SP,N/A,QMLE-Trade,2014-1-24,0.137226
SP,N/A,QMLE-Trade,2014-1-27,0.160032
SP,N/A,QMLE-Trade,2014-1-28,0.120717
SP,N/A,QMLE-Trade,2014-1-29,0.198331
SP,N/A,QMLE-Trade,2014-1-30,0.135874
SP,N/A,QMLE-Trade,2014-1-31,0.184751
SP,N/A,QMLE-Trade,2014-2-3,0.19393
SP,N/A,QMLE-Trade,2014-2-4,0.155424
SP,N/A,QMLE-Trade,2014-2-5,0.170267
SP,N/A,QMLE-Trade,2014-2-6,0.134134
SP,N/A,QMLE-Trade,2014-2-7,0.158764
SP,N/A,QMLE-Trade,2014-2-10,0.0763405
SP,N/A,QMLE-Trade,2014-2-11,0.106339
SP,N/A,QMLE-Trade,2014-2-12,0.0875402
SP,N/A,QMLE-Trade,2014-2-13,0.102302
SP,N/A,QMLE-Trade,2014-2-14,0.0935291
SP,N/A,QMLE-Trade,2014-2-18,0.0842727
SP,N/A,QMLE-Trade,2014-2-19,0.0995032
SP,N/A,QMLE-Trade,2014-2-20,0.126331
SP,N/A,QMLE-Trade,2014-2-21,0.0775215
SP,N/A,QMLE-Trade,2014-2-24,0.0998273
SP,N/A,QMLE-Trade,2014-2-25,0.108532
SP,N/A,QMLE-Trade,2014-2-26,0.108104
SP,N/A,QMLE-Trade,2014-2-27,0.115357
SP,N/A,QMLE-Trade,2014-2-28,0.120429
SP,N/A,QMLE-Trade,2014-3-3,0.162453
SP,N/A,QMLE-Trade,2014-3-4,0.123898
SP,N/A,QMLE-Trade,2014-3-5,0.0835561
SP,N/A,QMLE-Trade,2014-3-6,0.065287
SP,N/A,QMLE-Trade,2014-3-7,0.140524
SP,N/A,QMLE-Trade,2014-3-10,0.0936237
SP,N/A,QMLE-Trade,2014-3-11,0.103482
SP,N/A,QMLE-Trade,2014-3-12,0.114806
SP,N/A,QMLE-Trade,2014-3-13,0.120407
SP,N/A,QMLE-Trade,2014-3-14,0.133417
SP,N/A,QMLE-Trade,2014-3-17,0.108106
SP,N/A,QMLE-Trade,2014-3-18,0.0978939
SP,N/A,QMLE-Trade,2014-3-19,0.130509
SP,N/A,QMLE-Trade,2014-3-20,0.118143
SP,N/A,QMLE-Trade,2014-3-21,0.110107
SP,N/A,QMLE-Trade,2014-3-24,0.116491
SP,N/A,QMLE-Trade,2014-3-25,0.12055
SP,N/A,QMLE-Trade,2014-3-26,0.120076
SP,N/A,QMLE-Trade,2014-3-27,0.134982
SP,N/A,QMLE-Trade,2014-3-28,0.0973968
SP,N/A,QMLE-Trade,2014-3-31,0.084153
SP,N/A,QMLE-Trade,2014-4-1,0.0714256
SP,N/A,QMLE-Trade,2014-4-2,0.0810032
SP,N/A,QMLE-Trade,2014-4-3,0.088036
SP,N/A,QMLE-Trade,2014-4-4,0.135343
SP,N/A,QMLE-Trade,2014-4-7,0.13005
SP,N/A,QMLE-Trade,2014-4-8,0.125019
SP,N/A,QMLE-Trade,2014-4-9,0.0988682
SP,N/A,QMLE-Trade,2014-4-10,0.145248
SP,N/A,QMLE-Trade,2014-4-11,0.170204
SP,N/A,QMLE-Trade,2014-4-14,0.13881
SP,N/A,QMLE-Trade,2014-4-15,0.179793
SP,N/A,QMLE-Trade,2014-4-16,0.110198
SP,N/A,QMLE-Trade,2014-4-17,0.0946374
SP,N/A,QMLE-Trade,2014-4-21,0.0635249
SP,N/A,QMLE-Trade,2014-4-22,0.0698078
SP,N/A,QMLE-Trade,2014-4-23,0.0824455
SP,N/A,QMLE-Trade,2014-4-24,0.0962598
SP,N/A,QMLE-Trade,2014-4-25,0.106347
SP,N/A,QMLE-Trade,2014-4-28,0.136923
SP,N/A,QMLE-Trade,2014-4-29,0.081419
SP,N/A,QMLE-Trade,2014-4-30,0.10948
SP,N/A,QMLE-Trade,2014-5-1,0.0885818
SP,N/A,QMLE-Trade,2014-5-2,0.118854
SP,N/A,QMLE-Trade,2014-5-5,0.0835278
SP,N/A,QMLE-Trade,2014-5-6,0.093133
SP,N/A,QMLE-Trade,2014-5-7,0.129483
SP,N/A,QMLE-Trade,2014-5-8,0.118376
SP,N/A,QMLE-Trade,2014-5-9,0.100397
SP,N/A,QMLE-Trade,2014-5-12,0.058041
SP,N/A,QMLE-Trade,2014-5-13,0.0546457
SP,N/A,QMLE-Trade,2014-5-14,0.0745078
SP,N/A,QMLE-Trade,2014-5-15,0.118606
SP,N/A,QMLE-Trade,2014-5-16,0.110763
SP,N/A,QMLE-Trade,2014-5-19,0.0747126
SP,N/A,QMLE-Trade,2014-5-20,0.0897768
SP,N/A,QMLE-Trade,2014-5-21,0.0880242
SP,N/A,QMLE-Trade,2014-5-22,0.0792736
SP,N/A,QMLE-Trade,2014-5-23,0.0460775
SP,N/A,QMLE-Trade,2014-5-27,0.0462533
SP,N/A,QMLE-Trade,2014-5-28,0.0666023
SP,N/A,QMLE-Trade,2014-5-29,0.0550258
SP,N/A,QMLE-Trade,2014-5-30,0.0548763
SP,N/A,QMLE-Trade,2014-6-2,0.0643588
SP,N/A,QMLE-Trade,2014-6-3,0.0523109
SP,N/A,QMLE-Trade,2014-6-4,0.0568157
SP,N/A,QMLE-Trade,2014-6-5,0.0913063
SP,N/A,QMLE-Trade,2014-6-6,0.0616007
SP,N/A,QMLE-Trade,2014-6-9,0.0553293
SP,N/A,QMLE-Trade,2014-6-10,0.066788
SP,N/A,QMLE-Trade,2014-6-11,0.0611004
SP,N/A,QMLE-Trade,2014-6-12,0.0895011
SP,N/A,QMLE-Trade,2014-6-13,0.0898476
SP,N/A,QMLE-Trade,2014-6-16,0.0848775
SP,N/A,QMLE-Trade,2014-6-17,0.0782302
SP,N/A,QMLE-Trade,2014-6-18,0.0885475
SP,N/A,QMLE-Trade,2014-6-19,0.0545835
SP,N/A,QMLE-Trade,2014-6-20,0.0459137
SP,N/A,QMLE-Trade,2014-6-23,0.0638053
SP,N/A,QMLE-Trade,2014-6-24,0.0819949
SP,N/A,QMLE-Trade,2014-6-25,0.0847798
SP,N/A,QMLE-Trade,2014-6-26,0.0884037
SP,N/A,QMLE-Trade,2014-6-27,0.0712582
SP,N/A,QMLE-Trade,2014-6-30,0.0578074
SP,N/A,QMLE-Trade,2014-7-1,0.0600788
SP,N/A,QMLE-Trade,2014-7-2,0.0488086
SP,N/A,QMLE-Trade,2014-7-3,0.0642324
SP,N/A,QMLE-Trade,2014-7-7,0.0563595
SP,N/A,QMLE-Trade,2014-7-8,0.0799971
SP,N/A,QMLE-Trade,2014-7-9,0.0828426
SP,N/A,QMLE-Trade,2014-7-10,0.10339
SP,N/A,QMLE-Trade,2014-7-11,0.0744401
SP,N/A,QMLE-Trade,2014-7-14,0.0413182
SP,N/A,QMLE-Trade,2014-7-15,0.0895064
SP,N/A,QMLE-Trade,2014-7-16,0.0613581
SP,N/A,QMLE-Trade,2014-7-17,0.116682
SP,N/A,QMLE-Trade,2014-7-18,0.0812431
SP,N/A,QMLE-Trade,2014-7-21,0.0800265
SP,N/A,QMLE-Trade,2014-7-22,0.0719619
SP,N/A,QMLE-Trade,2014-7-23,0.063979
SP,N/A,QMLE-Trade,2014-7-24,0.067802
SP,N/A,QMLE-Trade,2014-7-25,0.0771591
SP,N/A,QMLE-Trade,2014-7-28,0.0926418
SP,N/A,QMLE-Trade,2014-7-29,0.0941971
SP,N/A,QMLE-Trade,2014-7-30,0.124586
SP,N/A,QMLE-Trade,2014-7-31,0.139166
SP,N/A,QMLE-Trade,2014-8-1,0.181333
SP,N/A,QMLE-Trade,2014-8-4,0.103377
SP,N/A,QMLE-Trade,2014-8-5,0.149356
SP,N/A,QMLE-Trade,2014-8-6,0.127867
SP,N/A,QMLE-Trade,2014-8-7,0.127618
SP,N/A,QMLE-Trade,2014-8-8,0.13953
SP,N/A,QMLE-Trade,2014-8-11,0.0734394
SP,N/A,QMLE-Trade,2014-8-12,0.0933317
SP,N/A,QMLE-Trade,2014-8-13,0.0691881
SP,N/A,QMLE-Trade,2014-8-14,0.0703699
SP,N/A,QMLE-Trade,2014-8-15,0.134175
SP,N/A,QMLE-Trade,2014-8-18,0.0559901
SP,N/A,QMLE-Trade,2014-8-19,0.0545353
SP,N/A,QMLE-Trade,2014-8-20,0.0676671
SP,N/A,QMLE-Trade,2014-8-21,0.060586
SP,N/A,QMLE-Trade,2014-8-22,0.105472
SP,N/A,QMLE-Trade,2014-8-25,0.0573306
SP,N/A,QMLE-Trade,2014-8-26,0.0506221
SP,N/A,QMLE-Trade,2014-8-27,0.0486249
SP,N/A,QMLE-Trade,2014-8-28,0.0752753
SP,N/A,QMLE-Trade,2014-8-29,0.0588162
SP,N/A,QMLE-Trade,2014-9-2,0.0695708
SP,N/A,QMLE-Trade,2014-9-3,0.0742146
SP,N/A,QMLE-Trade,2014-9-4,0.0854593
SP,N/A,QMLE-Trade,2014-9-5,0.108621
SP,N/A,QMLE-Trade,2014-9-8,0.070788
SP,N/A,QMLE-Trade,2014-9-9,0.0939016
SP,N/A,QMLE-Trade,2014-9-10,0.0883107
SP,N/A,QMLE-Trade,2014-9-11,0.0919976
SP,N/A,QMLE-Trade,2014-9-12,0.0799291
SP,N/A,QMLE-Trade,2014-9-15,0.0804662
SP,N/A,QMLE-Trade,2014-9-16,0.0794323
SP,N/A,QMLE-Trade,2014-9-17,0.125047
SP,N/A,QMLE-Trade,2014-9-18,0.0702055
SP,N/A,QMLE-Trade,2014-9-19,0.0787178
SP,N/A,QMLE-Trade,2014-9-22,0.0967719
SP,N/A,QMLE-Trade,2014-9-23,0.0969092
SP,N/A,QMLE-Trade,2014-9-24,0.0839276
SP,N/A,QMLE-Trade,2014-9-25,0.116891
SP,N/A,QMLE-Trade,2014-9-26,0.122884
SP,N/A,QMLE-Trade,2014-9-29,0.129
SP,N/A,QMLE-Trade,2014-9-30,0.1298
SP,N/A,QMLE-Trade,2014-10-1,0.137234
SP,N/A,QMLE-Trade,2014-10-2,0.144389
SP,N/A,QMLE-Trade,2014-10-3,0.118842
SP,N/A,QMLE-Trade,2014-10-6,0.113249
SP,N/A,QMLE-Trade,2014-10-7,0.138946
SP,N/A,QMLE-Trade,2014-10-8,0.163601
SP,N/A,QMLE-Trade,2014-10-9,0.201953
SP,N/A,QMLE-Trade,2014-10-10,0.226748
SP,N/A,QMLE-Trade,2014-10-13,0.221006
SP,N/A,QMLE-Trade,2014-10-14,0.224811
SP,N/A,QMLE-Trade,2014-10-15,0.37867
SP,N/A,QMLE-Trade,2014-10-16,0.362739
SP,N/A,QMLE-Trade,2014-10-17,0.191474
SP,N/A,QMLE-Trade,2014-10-20,0.174561
SP,N/A,QMLE-Trade,2014-10-21,0.161306
SP,N/A,QMLE-Trade,2014-10-22,0.147983
SP,N/A,QMLE-Trade,2014-10-23,0.146397
SP,N/A,QMLE-Trade,2014-10-24,0.172891
SP,N/A,QMLE-Trade,2014-10-27,0.128173
SP,N/A,QMLE-Trade,2014-10-28,0.0997801
SP,N/A,QMLE-Trade,2014-10-29,0.155806
SP,N/A,QMLE-Trade,2014-10-30,0.146457
SP,N/A,QMLE-Trade,2014-10-31,0.127051
SP,N/A,QMLE-Trade,2014-11-3,0.0894767
SP,N/A,QMLE-Trade,2014-11-4,0.119176
SP,N/A,QMLE-Trade,2014-11-5,0.113642
SP,N/A,QMLE-Trade,2014-11-6,0.121939
SP,N/A,QMLE-Trade,2014-11-7,0.100809
SP,N/A,QMLE-Trade,2014-11-10,0.0755238
SP,N/A,QMLE-Trade,2014-11-11,0.0635936
SP,N/A,QMLE-Trade,2014-11-12,0.0787625
SP,N/A,QMLE-Trade,2014-11-13,0.10783
SP,N/A,QMLE-Trade,2014-11-14,0.0810292
SP,N/A,QMLE-Trade,2014-11-17,0.0954897
SP,N/A,QMLE-Trade,2014-11-18,0.0685028
SP,N/A,QMLE-Trade,2014-11-19,0.073676
SP,N/A,QMLE-Trade,2014-11-20,0.0747808
SP,N/A,QMLE-Trade,2014-11-21,0.0844137
SP,N/A,QMLE-Trade,2014-11-24,0.0550833
SP,N/A,QMLE-Trade,2014-11-25,0.0661051
SP,N/A,QMLE-Trade,2014-11-26,0.0621373
SP,N/A,QMLE-Trade,2014-11-28,0.0618951
SP,N/A,QMLE-Trade,2014-12-1,0.11348
SP,N/A,QMLE-Trade,2014-12-2,0.0781889
SP,N/A,QMLE-Trade,2014-12-3,0.0615778
SP,N/A,QMLE-Trade,2014-12-4,0.0861541
SP,N/A,QMLE-Trade,2014-12-5,0.0870893
SP,N/A,QMLE-Trade,2014-12-8,0.101468
SP,N/A,QMLE-Trade,2014-12-9,0.12648
SP,N/A,QMLE-Trade,2014-12-10,0.140125
SP,N/A,QMLE-Trade,2014-12-11,0.165675
SP,N/A,QMLE-Trade,2014-12-12,0.177907
SP,N/A,QMLE-Trade,2014-12-15,0.223222
SP,N/A,QMLE-Trade,2014-12-16,0.254233
SP,N/A,QMLE-Trade,2014-12-17,0.206922
SP,N/A,QMLE-Trade,2014-12-18,0.163201
SP,N/A,QMLE-Trade,2014-12-19,0.131388
SP,N/A,QMLE-Trade,2014-12-22,0.0823346
SP,N/A,QMLE-Trade,2014-12-23,0.0616397
SP,N/A,QMLE-Trade,2014-12-24,0.038489
SP,N/A,QMLE-Trade,2014-12-26,0.0438827
SP,N/A,QMLE-Trade,2014-12-29,0.0685953
SP,N/A,QMLE-Trade,2014-12-30,0.0704233
SP,N/A,QMLE-Trade,2014-12-31,0.113457
SP,N/A,QMLE-Trade,2015-1-2,0.158677
SP,N/A,QMLE-Trade,2015-1-5,0.151588
SP,N/A,QMLE-Trade,2015-1-6,0.196337
SP,N/A,QMLE-Trade,2015-1-7,0.142362
SP,N/A,QMLE-Trade,2015-1-8,0.127495
SP,N/A,QMLE-Trade,2015-1-9,0.158904
SP,N/A,QMLE-Trade,2015-1-12,0.158939
SP,N/A,QMLE-Trade,2015-1-13,0.191619
SP,N/A,QMLE-Trade,2015-1-14,0.242144
SP,N/A,QMLE-Trade,2015-1-15,0.310857
SP,N/A,QMLE-Trade,2015-1-16,0.203862
SP,N/A,QMLE-Trade,2015-1-20,0.173572
SP,N/A,QMLE-Trade,2015-1-21,0.169945
SP,N/A,QMLE-Trade,2015-1-22,0.189756
SP,N/A,QMLE-Trade,2015-1-23,0.116221
SP,N/A,QMLE-Trade,2015-1-26,0.121506
SP,N/A,QMLE-Trade,2015-1-27,0.164263
SP,N/A,QMLE-Trade,2015-1-28,0.187306
SP,N/A,QMLE-Trade,2015-1-29,0.191391
SP,N/A,QMLE-Trade,2015-1-30,0.212303
SP,N/A,QMLE-Trade,2015-2-2,0.237114
SP,N/A,QMLE-Trade,2015-2-3,0.150422
SP,N/A,QMLE-Trade,2015-2-4,0.174239
SP,N/A,QMLE-Trade,2015-2-5,0.131846
SP,N/A,QMLE-Trade,2015-2-6,0.152957
SP,N/A,QMLE-Trade,2015-2-9,0.122276
SP,N/A,QMLE-Trade,2015-2-10,0.117786
SP,N/A,QMLE-Trade,2015-2-11,0.134999
SP,N/A,QMLE-Trade,2015-2-12,0.115266
SP,N/A,QMLE-Trade,2015-2-13,0.0680737
SP,N/A,QMLE-Trade,2015-2-17,0.0817779
SP,N/A,QMLE-Trade,2015-2-18,0.0691469
SP,N/A,QMLE-Trade,2015-2-19,0.083548
SP,N/A,QMLE-Trade,2015-2-20,0.106457
SP,N/A,QMLE-Trade,2015-2-23,0.0666401
SP,N/A,QMLE-Trade,2015-2-24,0.0710581
SP,N/A,QMLE-Trade,2015-2-25,0.0635183
SP,N/A,QMLE-Trade,2015-2-26,0.0844501
SP,N/A,QMLE-Trade,2015-2-27,0.0700379
SP,N/A,QMLE-Trade,2015-3-2,0.0674261
SP,N/A,QMLE-Trade,2015-3-3,0.0844001
SP,N/A,QMLE-Trade,2015-3-4,0.0871882
SP,N/A,QMLE-Trade,2015-3-5,0.0859773
SP,N/A,QMLE-Trade,2015-3-6,0.135836
SP,N/A,QMLE-Trade,2015-3-9,0.0848106
SP,N/A,QMLE-Trade,2015-3-10,0.118992
SP,N/A,QMLE-Trade,2015-3-11,0.106977
SP,N/A,QMLE-Trade,2015-3-12,0.105541
SP,N/A,QMLE-Trade,2015-3-13,0.151975
SP,N/A,QMLE-Trade,2015-3-16,0.092998
SP,N/A,QMLE-Trade,2015-3-17,0.106377
SP,N/A,QMLE-Trade,2015-3-18,0.174597
SP,N/A,QMLE-Trade,2015-3-19,0.120178
SP,N/A,QMLE-Trade,2015-3-20,0.0965267
SP,N/A,QMLE-Trade,2015-3-23,0.074261
SP,N/A,QMLE-Trade,2015-3-24,0.0947687
SP,N/A,QMLE-Trade,2015-3-25,0.132887
SP,N/A,QMLE-Trade,2015-3-26,0.173369
SP,N/A,QMLE-Trade,2015-3-27,0.122853
SP,N/A,QMLE-Trade,2015-3-30,0.094387
SP,N/A,QMLE-Trade,2015-3-31,0.119393
SP,N/A,QMLE-Trade,2015-4-1,0.162632
SP,N/A,QMLE-Trade,2015-4-2,0.109194
SP,N/A,QMLE-Trade,2015-4-3,0.347924
SP,N/A,QMLE-Trade,2015-4-6,0.105177
SP,N/A,QMLE-Trade,2015-4-7,0.0980688
SP,N/A,QMLE-Trade,2015-4-8,0.114937
SP,N/A,QMLE-Trade,2015-4-9,0.121668
SP,N/A,QMLE-Trade,2015-4-10,0.0589218
SP,N/A,QMLE-Trade,2015-4-13,0.0848654
SP,N/A,QMLE-Trade,2015-4-14,0.110143
SP,N/A,QMLE-Trade,2015-4-15,0.0790233
SP,N/A,QMLE-Trade,2015-4-16,0.0944838
SP,N/A,QMLE-Trade,2015-4-17,0.122803
SP,N/A,QMLE-Trade,2015-4-20,0.0898932
SP,N/A,QMLE-Trade,2015-4-21,0.0953621
SP,N/A,QMLE-Trade,2015-4-22,0.107221
SP,N/A,QMLE-Trade,2015-4-23,0.110233
SP,N/A,QMLE-Trade,2015-4-24,0.0902245
SP,N/A,QMLE-Trade,2015-4-27,0.0982752
SP,N/A,QMLE-Trade,2015-4-28,0.103182
SP,N/A,QMLE-Trade,2015-4-29,0.138312
SP,N/A,QMLE-Trade,2015-4-30,0.161042
SP,N/A,QMLE-Trade,2015-5-1,0.0933726
SP,N/A,QMLE-Trade,2015-5-4,0.0664387
SP,N/A,QMLE-Trade,2015-5-5,0.115462
SP,N/A,QMLE-Trade,2015-5-6,0.145622
SP,N/A,QMLE-Trade,2015-5-7,0.1402
SP,N/A,QMLE-Trade,2015-5-8,0.117454
SP,N/A,QMLE-Trade,2015-5-11,0.0882521
SP,N/A,QMLE-Trade,2015-5-12,0.133613
SP,N/A,QMLE-Trade,2015-5-13,0.121328
SP,N/A,QMLE-Trade,2015-5-14,0.0879287
SP,N/A,QMLE-Trade,2015-5-15,0.0764325
SP,N/A,QMLE-Trade,2015-5-18,0.0719337
SP,N/A,QMLE-Trade,2015-5-19,0.0736921
SP,N/A,QMLE-Trade,2015-5-20,0.0869682
SP,N/A,QMLE-Trade,2015-5-21,0.0650664
SP,N/A,QMLE-Trade,2015-5-22,0.0634469
SP,N/A,QMLE-Trade,2015-5-26,0.0961051
SP,N/A,QMLE-Trade,2015-5-27,0.0879913
SP,N/A,QMLE-Trade,2015-5-28,0.0907073
SP,N/A,QMLE-Trade,2015-5-29,0.121109
SP,N/A,QMLE-Trade,2015-6-1,0.124803
SP,N/A,QMLE-Trade,2015-6-2,0.127406
SP,N/A,QMLE-Trade,2015-6-3,0.103569
SP,N/A,QMLE-Trade,2015-6-4,0.129071
SP,N/A,QMLE-Trade,2015-6-5,0.1346
SP,N/A,QMLE-Trade,2015-6-8,0.103554
SP,N/A,QMLE-Trade,2015-6-9,0.111158
SP,N/A,QMLE-Trade,2015-6-10,0.0963968
SP,N/A,QMLE-Trade,2015-6-11,0.0566216
SP,N/A,QMLE-Trade,2015-6-12,0.113006
SP,N/A,QMLE-Trade,2015-6-15,0.131884
SP,N/A,QMLE-Trade,2015-6-16,0.125436
SP,N/A,QMLE-Trade,2015-6-17,0.123522
SP,N/A,QMLE-Trade,2015-6-18,0.119852
SP,N/A,QMLE-Trade,2015-6-19,0.0796439
SP,N/A,QMLE-Trade,2015-6-22,0.0902463
SP,N/A,QMLE-Trade,2015-6-23,0.0653293
SP,N/A,QMLE-Trade,2015-6-24,0.091221
SP,N/A,QMLE-Trade,2015-6-25,0.107625
SP,N/A,QMLE-Trade,2015-6-26,0.0912751
SP,N/A,QMLE-Trade,2015-6-29,0.161242
SP,N/A,QMLE-Trade,2015-6-30,0.166052
SP,N/A,QMLE-Trade,2015-7-1,0.131372
SP,N/A,QMLE-Trade,2015-7-2,0.0860687
SP,N/A,QMLE-Trade,2015-7-6,0.137649
SP,N/A,QMLE-Trade,2015-7-7,0.181272
SP,N/A,QMLE-Trade,2015-7-8,0.18234
SP,N/A,QMLE-Trade,2015-7-9,0.134932
SP,N/A,QMLE-Trade,2015-7-10,0.124392
SP,N/A,QMLE-Trade,2015-7-13,0.13549
SP,N/A,QMLE-Trade,2015-7-14,0.0635087
SP,N/A,QMLE-Trade,2015-7-15,0.0783929
SP,N/A,QMLE-Trade,2015-7-16,0.064893
SP,N/A,QMLE-Trade,2015-7-17,0.0484388
SP,N/A,QMLE-Trade,2015-7-20,0.0578436
SP,N/A,QMLE-Trade,2015-7-21,0.0677392
SP,N/A,QMLE-Trade,2015-7-22,0.070321
SP,N/A,QMLE-Trade,2015-7-23,0.0850528
SP,N/A,QMLE-Trade,2015-7-24,0.098049
SP,N/A,QMLE-Trade,2015-7-27,0.122667
SP,N/A,QMLE-Trade,2015-7-28,0.12169
SP,N/A,QMLE-Trade,2015-7-29,0.115764
SP,N/A,QMLE-Trade,2015-7-30,0.106816
SP,N/A,QMLE-Trade,2015-7-31,0.104363
SP,N/A,QMLE-Trade,2015-8-3,0.113224
SP,N/A,QMLE-Trade,2015-8-4,0.11393
SP,N/A,QMLE-Trade,2015-8-5,0.0996647
SP,N/A,QMLE-Trade,2015-8-6,0.117919
SP,N/A,QMLE-Trade,2015-8-7,0.117692
SP,N/A,QMLE-Trade,2015-8-10,0.0890112
SP,N/A,QMLE-Trade,2015-8-11,0.137638
SP,N/A,QMLE-Trade,2015-8-12,0.194217
SP,N/A,QMLE-Trade,2015-8-13,0.133686
SP,N/A,QMLE-Trade,2015-8-14,0.0935637
SP,N/A,QMLE-Trade,2015-8-17,0.108862
SP,N/A,QMLE-Trade,2015-8-18,0.0777047
SP,N/A,QMLE-Trade,2015-8-19,0.160254
SP,N/A,QMLE-Trade,2015-8-20,0.185475
SP,N/A,QMLE-Trade,2015-8-21,0.256029
SP,N/A,QMLE-Trade,2015-8-24,0.769349
SP,N/A,QMLE-Trade,2015-8-25,0.545286
SP,N/A,QMLE-Trade,2015-8-26,0.462184
SP,N/A,QMLE-Trade,2015-8-27,0.352805
SP,N/A,QMLE-Trade,2015-8-28,0.219977
SP,N/A,QMLE-Trade,2015-8-31,0.216779
SP,N/A,QMLE-Trade,2015-9-1,0.31994
SP,N/A,QMLE-Trade,2015-9-2,0.264196
SP,N/A,QMLE-Trade,2015-9-3,0.200826
SP,N/A,QMLE-Trade,2015-9-4,0.236715
SP,N/A,QMLE-Trade,2015-9-8,0.207168
SP,N/A,QMLE-Trade,2015-9-9,0.189812
SP,N/A,QMLE-Trade,2015-9-10,0.263864
SP,N/A,QMLE-Trade,2015-9-11,0.159245
SP,N/A,QMLE-Trade,2015-9-14,0.176853
SP,N/A,QMLE-Trade,2015-9-15,0.147849
SP,N/A,QMLE-Trade,2015-9-16,0.10827
SP,N/A,QMLE-Trade,2015-9-17,0.225448
SP,N/A,QMLE-Trade,2015-9-18,0.2145
SP,N/A,QMLE-Trade,2015-9-21,0.190666
SP,N/A,QMLE-Trade,2015-9-22,0.195927
SP,N/A,QMLE-Trade,2015-9-23,0.237318
SP,N/A,QMLE-Trade,2015-9-24,0.228482
SP,N/A,QMLE-Trade,2015-9-25,0.201355
SP,N/A,QMLE-Trade,2015-9-28,0.230227
SP,N/A,QMLE-Trade,2015-9-29,0.255507
SP,N/A,QMLE-Trade,2015-9-30,0.209328
SP,N/A,QMLE-Trade,2015-10-1,0.243154
SP,N/A,QMLE-Trade,2015-10-2,0.27032
SP,N/A,QMLE-Trade,2015-10-5,0.136628
SP,N/A,QMLE-Trade,2015-10-6,0.170537
SP,N/A,QMLE-Trade,2015-10-7,0.185095
SP,N/A,QMLE-Trade,2015-10-8,0.181842
SP,N/A,QMLE-Trade,2015-10-9,0.115215
SP,N/A,QMLE-Trade,2015-10-12,0.0572516
SP,N/A,QMLE-Trade,2015-10-13,0.151294
SP,N/A,QMLE-Trade,2015-10-14,0.142764
SP,N/A,QMLE-Trade,2015-10-15,0.129954
SP,N/A,QMLE-Trade,2015-10-16,0.104101
SP,N/A,QMLE-Trade,2015-10-19,0.113082
SP,N/A,QMLE-Trade,2015-10-20,0.088832
SP,N/A,QMLE-Trade,2015-10-21,0.165842
SP,N/A,QMLE-Trade,2015-10-22,0.129974
SP,N/A,QMLE-Trade,2015-10-23,0.120828
SP,N/A,QMLE-Trade,2015-10-26,0.0604911
SP,N/A,QMLE-Trade,2015-10-27,0.0958054
SP,N/A,QMLE-Trade,2015-10-28,0.134378
SP,N/A,QMLE-Trade,2015-10-29,0.0966373
SP,N/A,QMLE-Trade,2015-10-30,0.125694
SP,N/A,QMLE-Trade,2015-11-2,0.0905129
SP,N/A,QMLE-Trade,2015-11-3,0.0813775
SP,N/A,QMLE-Trade,2015-11-4,0.120975
SP,N/A,QMLE-Trade,2015-11-5,0.110851
SP,N/A,QMLE-Trade,2015-11-6,0.193522
SP,N/A,QMLE-Trade,2015-11-9,0.113404
SP,N/A,QMLE-Trade,2015-11-10,0.110135
SP,N/A,QMLE-Trade,2015-11-11,0.108984
SP,N/A,QMLE-Trade,2015-11-12,0.148159
SP,N/A,QMLE-Trade,2015-11-13,0.141596
SP,N/A,QMLE-Trade,2015-11-16,0.148053
SP,N/A,QMLE-Trade,2015-11-17,0.156673
SP,N/A,QMLE-Trade,2015-11-18,0.122686
SP,N/A,QMLE-Trade,2015-11-19,0.0963818
SP,N/A,QMLE-Trade,2015-11-20,0.0898664
SP,N/A,QMLE-Trade,2015-11-23,0.0886614
SP,N/A,QMLE-Trade,2015-11-24,0.167909
SP,N/A,QMLE-Trade,2015-11-25,0.0660311
SP,N/A,QMLE-Trade,2015-11-27,0.0776663
SP,N/A,QMLE-Trade,2015-11-30,0.129584
SP,N/A,QMLE-Trade,2015-12-1,0.108265
SP,N/A,QMLE-Trade,2015-12-2,0.115428
SP,N/A,QMLE-Trade,2015-12-3,0.183702
SP,N/A,QMLE-Trade,2015-12-4,0.195013
SP,N/A,QMLE-Trade,2015-12-7,0.147062
SP,N/A,QMLE-Trade,2015-12-8,0.175943
SP,N/A,QMLE-Trade,2015-12-9,0.191763
SP,N/A,QMLE-Trade,2015-12-10,0.164347
SP,N/A,QMLE-Trade,2015-12-11,0.183423
SP,N/A,QMLE-Trade,2015-12-14,0.278769
SP,N/A,QMLE-Trade,2015-12-15,0.137789
SP,N/A,QMLE-Trade,2015-12-16,0.198536
SP,N/A,QMLE-Trade,2015-12-17,0.19234
SP,N/A,QMLE-Trade,2015-12-18,0.166429
SP,N/A,QMLE-Trade,2015-12-21,0.148392
SP,N/A,QMLE-Trade,2015-12-22,0.138476
SP,N/A,QMLE-Trade,2015-12-23,0.11784
SP,N/A,QMLE-Trade,2015-12-24,0.0849332
SP,N/A,QMLE-Trade,2015-12-28,0.0937267
SP,N/A,QMLE-Trade,2015-12-29,0.088906
SP,N/A,QMLE-Trade,2015-12-30,0.0862737
SP,N/A,QMLE-Trade,2015-12-31,0.160048
SP,N/A,QMLE-Trade,2016-1-4,0.226216
SP,N/A,QMLE-Trade,2016-1-5,0.191837
SP,N/A,QMLE-Trade,2016-1-6,0.216725
SP,N/A,QMLE-Trade,2016-1-7,0.29608
SP,N/A,QMLE-Trade,2016-1-8,0.273253
SP,N/A,QMLE-Trade,2016-1-11,0.263247
SP,N/A,QMLE-Trade,2016-1-12,0.266495
SP,N/A,QMLE-Trade,2016-1-13,0.254235
SP,N/A,QMLE-Trade,2016-1-14,0.286785
SP,N/A,QMLE-Trade,2016-1-15,0.315176
SP,N/A,QMLE-Trade,2016-1-19,0.272361
SP,N/A,QMLE-Trade,2016-1-20,0.365537
SP,N/A,QMLE-Trade,2016-1-21,0.380975
SP,N/A,QMLE-Trade,2016-1-22,0.209068
SP,N/A,QMLE-Trade,2016-1-25,0.156531
SP,N/A,QMLE-Trade,2016-1-26,0.210681
SP,N/A,QMLE-Trade,2016-1-27,0.248915
SP,N/A,QMLE-Trade,2016-1-28,0.28453
SP,N/A,QMLE-Trade,2016-1-29,0.180679
SP,N/A,QMLE-Trade,2016-2-1,0.155247
SP,N/A,QMLE-Trade,2016-2-2,0.152619
SP,N/A,QMLE-Trade,2016-2-3,0.312983
SP,N/A,QMLE-Trade,2016-2-4,0.262737
SP,N/A,QMLE-Trade,2016-2-5,0.232721
SP,N/A,QMLE-Trade,2016-2-8,0.266613
SP,N/A,QMLE-Trade,2016-2-9,0.325762
SP,N/A,QMLE-Trade,2016-2-10,0.247452
SP,N/A,QMLE-Trade,2016-2-11,0.293352
SP,N/A,QMLE-Trade,2016-2-12,0.15359
SP,N/A,QMLE-Trade,2016-2-16,0.149841
SP,N/A,QMLE-Trade,2016-2-17,0.16404
SP,N/A,QMLE-Trade,2016-2-18,0.148135
SP,N/A,QMLE-Trade,2016-2-19,0.157831
SP,N/A,QMLE-Trade,2016-2-22,0.144903
SP,N/A,QMLE-Trade,2016-2-23,0.155521
SP,N/A,QMLE-Trade,2016-2-24,0.217985
SP,N/A,QMLE-Trade,2016-2-25,0.169302
SP,N/A,QMLE-Trade,2016-2-26,0.172681
SP,N/A,QMLE-Trade,2016-2-29,0.18799
SP,N/A,QMLE-Trade,2016-3-1,0.166842
SP,N/A,QMLE-Trade,2016-3-2,0.137998
SP,N/A,QMLE-Trade,2016-3-3,0.10699
SP,N/A,QMLE-Trade,2016-3-4,0.148112
SP,N/A,QMLE-Trade,2016-3-7,0.128778
SP,N/A,QMLE-Trade,2016-3-8,0.139907
SP,N/A,QMLE-Trade,2016-3-9,0.132212
SP,N/A,QMLE-Trade,2016-3-10,0.201254
SP,N/A,QMLE-Trade,2016-3-11,0.135489
SP,N/A,QMLE-Trade,2016-3-14,0.0922669
SP,N/A,QMLE-Trade,2016-3-15,0.0822265
SP,N/A,QMLE-Trade,2016-3-16,0.153627
SP,N/A,QMLE-Trade,2016-3-17,0.159257
SP,N/A,QMLE-Trade,2016-3-18,0.0689956
SP,N/A,QMLE-Trade,2016-3-21,0.0903411
SP,N/A,QMLE-Trade,2016-3-22,0.113276
SP,N/A,QMLE-Trade,2016-3-23,0.109878
SP,N/A,QMLE-Trade,2016-3-24,0.0901505
SP,N/A,QMLE-Trade,2016-3-28,0.091028
SP,N/A,QMLE-Trade,2016-3-29,0.107976
SP,N/A,QMLE-Trade,2016-3-30,0.090732
SP,N/A,QMLE-Trade,2016-3-31,0.0816654
SP,N/A,QMLE-Trade,2016-4-1,0.13767
SP,N/A,QMLE-Trade,2016-4-4,0.0944442
SP,N/A,QMLE-Trade,2016-4-5,0.137457
SP,N/A,QMLE-Trade,2016-4-6,0.107175
SP,N/A,QMLE-Trade,2016-4-7,0.132372
SP,N/A,QMLE-Trade,2016-4-8,0.134905
SP,N/A,QMLE-Trade,2016-4-11,0.143487
SP,N/A,QMLE-Trade,2016-4-13,0.0901807
SP,N/A,QMLE-Trade,2016-4-14,0.0819483
SP,N/A,QMLE-Trade,2016-4-15,0.053979
SP,N/A,QMLE-Trade,2016-4-18,0.0963028
SP,N/A,QMLE-Trade,2016-4-19,0.0814375
SP,N/A,QMLE-Trade,2016-4-20,0.106924
SP,N/A,QMLE-Trade,2016-4-21,0.0850864
SP,N/A,QMLE-Trade,2016-4-22,0.088079
SP,N/A,QMLE-Trade,2016-4-25,0.105584
SP,N/A,QMLE-Trade,2016-4-26,0.0890848
SP,N/A,QMLE-Trade,2016-4-27,0.0911429
SP,N/A,QMLE-Trade,2016-4-28,0.150083
SP,N/A,QMLE-Trade,2016-4-29,0.160143
SP,N/A,QMLE-Trade,2016-5-2,0.101527
SP,N/A,QMLE-Trade,2016-5-3,0.112749
SP,N/A,QMLE-Trade,2016-5-4,0.13056
SP,N/A,QMLE-Trade,2016-5-5,0.0823868
SP,N/A,QMLE-Trade,2016-5-6,0.135645
SP,N/A,QMLE-Trade,2016-5-9,0.119369
SP,N/A,QMLE-Trade,2016-5-10,0.126409
SP,N/A,QMLE-Trade,2016-5-11,0.0977679
SP,N/A,QMLE-Trade,2016-5-12,0.117986
SP,N/A,QMLE-Trade,2016-5-13,0.135281
SP,N/A,QMLE-Trade,2016-5-16,0.0846741
SP,N/A,QMLE-Trade,2016-5-17,0.147207
SP,N/A,QMLE-Trade,2016-5-18,0.179026
SP,N/A,QMLE-Trade,2016-5-19,0.139673
SP,N/A,QMLE-Trade,2016-5-20,0.0856752
SP,N/A,QMLE-Trade,2016-5-23,0.0473351
SP,N/A,QMLE-Trade,2016-5-24,0.0986237
SP,N/A,QMLE-Trade,2016-5-25,0.0782607
SP,N/A,QMLE-Trade,2016-5-26,0.0692762
SP,N/A,QMLE-Trade,2016-5-27,0.0501292
SP,N/A,QMLE-Trade,2016-5-31,0.085818
SP,N/A,QMLE-Trade,2016-6-1,0.0849551
SP,N/A,QMLE-Trade,2016-6-2,0.0668632
SP,N/A,QMLE-Trade,2016-6-3,0.0983209
SP,N/A,QMLE-Trade,2016-6-6,0.0851825
SP,N/A,QMLE-Trade,2016-6-7,0.0814854
SP,N/A,QMLE-Trade,2016-6-8,0.0682756
SP,N/A,QMLE-Trade,2016-6-9,0.0775798
SP,N/A,QMLE-Trade,2016-6-10,0.109529
SP,N/A,QMLE-Trade,2016-6-13,0.106649
SP,N/A,QMLE-Trade,2016-6-14,0.143497
SP,N/A,QMLE-Trade,2016-6-15,0.0951681
SP,N/A,QMLE-Trade,2016-6-16,0.139227
SP,N/A,QMLE-Trade,2016-6-17,0.108426
SP,N/A,QMLE-Trade,2016-6-20,0.125274
SP,N/A,QMLE-Trade,2016-6-21,0.11333
SP,N/A,QMLE-Trade,2016-6-22,0.0751252
SP,N/A,QMLE-Trade,2016-6-23,0.125344
SP,N/A,QMLE-Trade,2016-6-24,0.53766
SP,N/A,QMLE-Trade,2016-6-27,0.211002
SP,N/A,QMLE-Trade,2016-6-28,0.143036
SP,N/A,QMLE-Trade,2016-6-29,0.143293
SP,N/A,QMLE-Trade,2016-6-30,0.15949
SP,N/A,QMLE-Trade,2016-7-1,0.0869955
SP,N/A,QMLE-Trade,2016-7-5,0.124868
SP,N/A,QMLE-Trade,2016-7-6,0.164636
SP,N/A,QMLE-Trade,2016-7-7,0.109726
SP,N/A,QMLE-Trade,2016-7-8,0.101532
SP,N/A,QMLE-Trade,2016-7-11,0.069393
SP,N/A,QMLE-Trade,2016-7-12,0.0878318
SP,N/A,QMLE-Trade,2016-7-13,0.0650149
SP,N/A,QMLE-Trade,2016-7-14,0.115286
SP,N/A,QMLE-Trade,2016-7-15,0.0947209
SP,N/A,QMLE-Trade,2016-7-18,0.0552927
SP,N/A,QMLE-Trade,2016-7-19,0.0577991
SP,N/A,QMLE-Trade,2016-7-20,0.0792583
SP,N/A,QMLE-Trade,2016-7-21,0.0825288
SP,N/A,QMLE-Trade,2016-7-22,0.0475414
SP,N/A,QMLE-Trade,2016-7-25,0.0570286
SP,N/A,QMLE-Trade,2016-7-26,0.0943223
SP,N/A,QMLE-Trade,2016-7-27,0.0899246
SP,N/A,QMLE-Trade,2016-7-28,0.0946927
SP,N/A,QMLE-Trade,2016-7-29,0.0688859
SP,N/A,QMLE-Trade,2016-8-1,0.0967749
SP,N/A,QMLE-Trade,2016-8-2,0.0907142
SP,N/A,QMLE-Trade,2016-8-3,0.0697303
SP,N/A,QMLE-Trade,2016-8-4,0.0816555
SP,N/A,QMLE-Trade,2016-8-5,0.0523482
SP,N/A,QMLE-Trade,2016-8-8,0.0492186
SP,N/A,QMLE-Trade,2016-8-9,0.0473535
SP,N/A,QMLE-Trade,2016-8-10,0.0813352
SP,N/A,QMLE-Trade,2016-8-11,0.0687344
SP,N/A,QMLE-Trade,2016-8-12,0.0603094
SP,N/A,QMLE-Trade,2016-8-15,0.0335573
SP,N/A,QMLE-Trade,2016-8-18,0.0731512
SP,N/A,QMLE-Trade,2016-8-19,0.0869652
SP,N/A,QMLE-Trade,2016-8-22,0.130259
SP,N/A,QMLE-Trade,2016-8-23,0.0485584
SP,N/A,QMLE-Trade,2016-8-24,0.0790297
SP,N/A,QMLE-Trade,2016-8-25,0.0704644
SP,N/A,QMLE-Trade,2016-8-26,0.172038
SP,N/A,QMLE-Trade,2016-8-29,0.0570342
SP,N/A,QMLE-Trade,2016-8-30,0.063607
SP,N/A,QMLE-Trade,2016-8-31,0.0668728
SP,N/A,QMLE-Trade,2016-9-1,0.105191
SP,N/A,QMLE-Trade,2016-9-2,0.124863
SP,N/A,QMLE-Trade,2016-9-6,0.0700655
SP,N/A,QMLE-Trade,2016-9-7,0.0622812
SP,N/A,QMLE-Trade,2016-9-8,0.0862621
SP,N/A,QMLE-Trade,2016-9-9,0.121808
SP,N/A,QMLE-Trade,2016-9-12,0.184853
SP,N/A,QMLE-Trade,2016-9-13,0.176762
SP,N/A,QMLE-Trade,2016-9-14,0.143126
SP,N/A,QMLE-Trade,2016-9-15,0.133808
SP,N/A,QMLE-Trade,2016-9-16,0.0936477
SP,N/A,QMLE-Trade,2016-9-19,0.112416
SP,N/A,QMLE-Trade,2016-9-20,0.0927412
SP,N/A,QMLE-Trade,2016-9-21,0.1392
SP,N/A,QMLE-Trade,2016-9-22,0.0881419
SP,N/A,QMLE-Trade,2016-9-23,0.048124
SP,N/A,QMLE-Trade,2016-9-26,0.100685
SP,N/A,QMLE-Trade,2016-9-27,0.158942
SP,N/A,QMLE-Trade,2016-9-28,0.101512
SP,N/A,QMLE-Trade,2016-9-29,0.134448
SP,N/A,QMLE-Trade,2016-9-30,0.149127
SP,N/A,QMLE-Trade,2016-10-3,0.0853743
SP,N/A,QMLE-Trade,2016-10-4,0.130323
SP,N/A,QMLE-Trade,2016-10-5,0.0934145
SP,N/A,QMLE-Trade,2016-10-6,0.0821378
SP,N/A,QMLE-Trade,2016-10-7,0.130176
SP,N/A,QMLE-Trade,2016-10-10,0.0547417
SP,N/A,QMLE-Trade,2016-10-11,0.112569
SP,N/A,QMLE-Trade,2016-10-12,0.0872454
SP,N/A,QMLE-Trade,2016-10-13,0.135742
SP,N/A,QMLE-Trade,2016-10-14,0.106865
SP,N/A,QMLE-Trade,2016-10-17,0.0890325
SP,N/A,QMLE-Trade,2016-10-18,0.0733514
SP,N/A,QMLE-Trade,2016-10-19,0.0780569
SP,N/A,QMLE-Trade,2016-10-20,0.0984103
SP,N/A,QMLE-Trade,2016-10-21,0.0848407
SP,N/A,QMLE-Trade,2016-10-24,0.0982677
SP,N/A,QMLE-Trade,2016-10-25,0.0607493
SP,N/A,QMLE-Trade,2016-10-26,0.0877201
SP,N/A,QMLE-Trade,2016-10-27,0.125182
SP,N/A,QMLE-Trade,2016-10-28,0.170091
SP,N/A,QMLE-Trade,2016-10-31,0.0448595
SP,N/A,QMLE-Trade,2016-11-1,0.107308
SP,N/A,QMLE-Trade,2016-11-2,0.132308
SP,N/A,QMLE-Trade,2016-11-3,0.0902303
SP,N/A,QMLE-Trade,2016-11-4,0.104097
SP,N/A,QMLE-Trade,2016-11-7,0.0765727
SP,N/A,QMLE-Trade,2016-11-8,0.0989681
SP,N/A,QMLE-Trade,2016-11-9,0.572138
SP,N/A,QMLE-Trade,2016-11-10,0.189316
SP,N/A,QMLE-Trade,2016-11-11,0.137447
SP,N/A,QMLE-Trade,2016-11-14,0.118212
SP,N/A,QMLE-Trade,2016-11-15,0.0720278
SP,N/A,QMLE-Trade,2016-11-16,0.0710168
SP,N/A,QMLE-Trade,2016-11-17,0.0601163
SP,N/A,QMLE-Trade,2016-11-18,0.0726727
SP,N/A,QMLE-Trade,2016-11-21,0.0645092
SP,N/A,QMLE-Trade,2016-11-22,0.0648237
SP,N/A,QMLE-Trade,2016-11-23,0.0653308
SP,N/A,QMLE-Trade,2016-11-25,0.0370767
SP,N/A,QMLE-Trade,2016-11-28,0.0729244
SP,N/A,QMLE-Trade,2016-11-29,0.0773375
SP,N/A,QMLE-Trade,2016-11-30,0.08673
SP,N/A,QMLE-Trade,2016-12-1,0.0984397
SP,N/A,QMLE-Trade,2016-12-2,0.0774646
SP,N/A,QMLE-Trade,2016-12-5,0.14075
SP,N/A,QMLE-Trade,2016-12-6,0.049485
SP,N/A,QMLE-Trade,2016-12-7,0.0773361
SP,N/A,QMLE-Trade,2016-12-8,0.0682311
SP,N/A,QMLE-Trade,2016-12-12,0.0574165
SP,N/A,QMLE-Trade,2016-12-13,0.0814602
SP,N/A,QMLE-Trade,2016-12-14,0.133791
SP,N/A,QMLE-Trade,2016-12-15,0.0955003
SP,N/A,QMLE-Trade,2016-12-16,0.0768271
SP,N/A,QMLE-Trade,2016-12-19,0.0843129
SP,N/A,QMLE-Trade,2016-12-20,0.0765694
SP,N/A,QMLE-Trade,2016-12-21,0.0316223
SP,N/A,QMLE-Trade,2016-12-22,0.0582164
SP,N/A,QMLE-Trade,2016-12-23,0.0408449
SP,N/A,QMLE-Trade,2016-12-27,0.057808
SP,N/A,QMLE-Trade,2016-12-28,0.0679552
SP,N/A,QMLE-Trade,2016-12-29,0.0532697
SP,N/A,QMLE-Trade,2016-12-30,0.0864182
SP,N/A,QMLE-Trade,2017-1-3,0.111976
SP,N/A,QMLE-Trade,2017-1-4,0.0503311
SP,N/A,QMLE-Trade,2017-1-5,0.0523023
SP,N/A,QMLE-Trade,2017-1-6,0.0720633
SP,N/A,QMLE-Trade,2017-1-9,0.0519886
SP,N/A,QMLE-Trade,2017-1-10,0.0761874
SP,N/A,QMLE-Trade,2017-1-11,0.114471
SP,N/A,QMLE-Trade,2017-1-12,0.0888995
SP,N/A,QMLE-Trade,2017-1-13,0.0456055
SP,N/A,QMLE-Trade,2017-1-17,0.100494
SP,N/A,QMLE-Trade,2017-1-18,0.0554819
SP,N/A,QMLE-Trade,2017-1-19,0.0810597
SP,N/A,QMLE-Trade,2017-1-20,0.0714279
SP,N/A,QMLE-Trade,2017-1-23,0.0788991
SP,N/A,QMLE-Trade,2017-1-24,0.0437682
SP,N/A,QMLE-Trade,2017-1-25,0.0612514
SP,N/A,QMLE-Trade,2017-1-26,0.056316
SP,N/A,QMLE-Trade,2017-1-27,0.026421
SP,N/A,QMLE-Trade,2017-1-30,0.0885649
SP,N/A,QMLE-Trade,2017-1-31,0.0739906
SP,N/A,QMLE-Trade,2017-2-1,0.0779973
SP,N/A,QMLE-Trade,2017-2-2,0.0800988
SP,N/A,QMLE-Trade,2017-2-3,0.0679207
SP,N/A,QMLE-Trade,2017-2-6,0.0768058
SP,N/A,QMLE-Trade,2017-2-7,0.0721507
SP,N/A,QMLE-Trade,2017-2-8,0.0534288
SP,N/A,QMLE-Trade,2017-2-9,0.0622611
SP,N/A,QMLE-Trade,2017-2-10,0.0488351
SP,N/A,QMLE-Trade,2017-2-13,0.0595511
SP,N/A,QMLE-Trade,2017-2-14,0.0659272
SP,N/A,QMLE-Trade,2017-2-15,0.0703589
SP,N/A,QMLE-Trade,2017-2-16,0.0762579
SP,N/A,QMLE-Trade,2017-2-17,0.0506043
SP,N/A,QMLE-Trade,2017-2-21,0.0624504
SP,N/A,QMLE-Trade,2017-2-22,0.0594277
SP,N/A,QMLE-Trade,2017-2-23,0.0630093
SP,N/A,QMLE-Trade,2017-2-24,0.0691894
SP,N/A,QMLE-Trade,2017-2-27,0.0681439
SP,N/A,QMLE-Trade,2017-2-28,0.0638729
SP,N/A,QMLE-Trade,2017-3-1,0.0803378
SP,N/A,QMLE-Trade,2017-3-2,0.0577262
SP,N/A,QMLE-Trade,2017-3-3,0.0553872
SP,N/A,QMLE-Trade,2017-3-6,0.085978
SP,N/A,QMLE-Trade,2017-3-7,0.0492985
SP,N/A,QMLE-Trade,2017-3-8,0.0748192
SP,N/A,QMLE-Trade,2017-3-9,0.0791274
SP,N/A,QMLE-Trade,2017-3-10,0.0810493
SP,N/A,QMLE-Trade,2017-3-13,0.0339774
SP,N/A,QMLE-Trade,2017-3-14,0.0831571
SP,N/A,QMLE-Trade,2017-3-15,0.0791617
SP,N/A,QMLE-Trade,2017-3-16,0.0639935
SP,N/A,QMLE-Trade,2017-3-17,0.0731055
SP,N/A,QMLE-Trade,2017-3-20,0.0528017
SP,N/A,QMLE-Trade,2017-3-21,0.109954
SP,N/A,QMLE-Trade,2017-3-22,0.100995
SP,N/A,QMLE-Trade,2017-3-23,0.117225
SP,N/A,QMLE-Trade,2017-3-24,0.098635
SP,N/A,QMLE-Trade,2017-3-27,0.108778
SP,N/A,QMLE-Trade,2017-3-28,0.0962088
SP,N/A,QMLE-Trade,2017-3-29,0.0516117
SP,N/A,QMLE-Trade,2017-3-30,0.0668199
SP,N/A,QMLE-Trade,2017-3-31,0.0775089
SP,N/A,QMLE-Trade,2017-4-3,0.104975
SP,N/A,QMLE-Trade,2017-4-4,0.0698337
SP,N/A,QMLE-Trade,2017-4-5,0.130761
SP,N/A,QMLE-Trade,2017-4-6,0.105558
SP,N/A,QMLE-Trade,2017-4-7,0.072001
SP,N/A,QMLE-Trade,2017-4-10,0.0924449
SP,N/A,QMLE-Trade,2017-4-11,0.0909418
SP,N/A,QMLE-Trade,2017-4-12,0.0955421
SP,N/A,QMLE-Trade,2017-4-13,0.104336
SP,N/A,QMLE-Trade,2017-4-17,0.0749283
SP,N/A,QMLE-Trade,2017-4-18,0.0955881
SP,N/A,QMLE-Trade,2017-4-19,0.068885
SP,N/A,QMLE-Trade,2017-4-20,0.0824725
SP,N/A,QMLE-Trade,2017-4-21,0.0765249
SP,N/A,QMLE-Trade,2017-4-24,0.0564475
SP,N/A,QMLE-Trade,2017-4-25,0.0590354
SP,N/A,QMLE-Trade,2017-4-26,0.0893696
SP,N/A,QMLE-Trade,2017-4-27,0.0761103
SP,N/A,QMLE-Trade,2017-4-28,0.0383111
SP,N/A,QMLE-Trade,2017-5-1,0.0566625
SP,N/A,QMLE-Trade,2017-5-2,0.0504219
SP,N/A,QMLE-Trade,2017-5-3,0.0693621
SP,N/A,QMLE-Trade,2017-5-4,0.0704306
SP,N/A,QMLE-Trade,2017-5-5,0.0583783
SP,N/A,QMLE-Trade,2017-5-8,0.03344
SP,N/A,QMLE-Trade,2017-5-9,0.0632561
SP,N/A,QMLE-Trade,2017-5-10,0.0370377
SP,N/A,QMLE-Trade,2017-5-11,0.0632448
SP,N/A,QMLE-Trade,2017-5-12,0.0459632
SP,N/A,QMLE-Trade,2017-5-15,0.0451991
SP,N/A,QMLE-Trade,2017-5-16,0.0519762
SP,N/A,QMLE-Trade,2017-5-17,0.128867
SP,N/A,QMLE-Trade,2017-5-18,0.12308
SP,N/A,QMLE-Trade,2017-5-19,0.0772643
SP,N/A,QMLE-Trade,2017-5-22,0.0652987
SP,N/A,QMLE-Trade,2017-5-23,0.0653017
SP,N/A,QMLE-Trade,2017-5-24,0.0432282
SP,N/A,QMLE-Trade,2017-5-25,0.0621306
SP,N/A,QMLE-Trade,2017-5-26,0.0207953
SP,N/A,QMLE-Trade,2017-5-30,0.0346689
SP,N/A,QMLE-Trade,2017-5-31,0.0798593
SP,N/A,QMLE-Trade,2017-6-1,0.0603281
SP,N/A,QMLE-Trade,2017-6-2,0.059327
SP,N/A,QMLE-Trade,2017-6-5,0.0266046
SP,N/A,QMLE-Trade,2017-6-6,0.0562122
SP,N/A,QMLE-Trade,2017-6-7,0.0613193
SP,N/A,QMLE-Trade,2017-6-8,0.0545216
SP,N/A,QMLE-Trade,2017-6-9,0.0955161
SP,N/A,QMLE-Trade,2017-6-12,0.065113
SP,N/A,QMLE-Trade,2017-6-13,0.046045
SP,N/A,QMLE-Trade,2017-6-14,0.0688765
SP,N/A,QMLE-Trade,2017-6-15,0.0914909
SP,N/A,QMLE-Trade,2017-6-16,0.0667769
SP,N/A,QMLE-Trade,2017-6-19,0.0577548
SP,N/A,QMLE-Trade,2017-6-20,0.0629447
SP,N/A,QMLE-Trade,2017-6-21,0.0795162
SP,N/A,QMLE-Trade,2017-6-22,0.0437638
SP,N/A,QMLE-Trade,2017-6-23,0.059357
SP,N/A,QMLE-Trade,2017-6-26,0.0835394
SP,N/A,QMLE-Trade,2017-6-27,0.0954674
SP,N/A,QMLE-Trade,2017-6-28,0.0978495
SP,N/A,QMLE-Trade,2017-6-29,0.122487
SP,N/A,QMLE-Trade,2017-6-30,0.0761004
SP,N/A,QMLE-Trade,2017-7-3,0.103669
SP,N/A,QMLE-Trade,2017-7-5,0.0697552
SP,N/A,QMLE-Trade,2017-7-6,0.0992765
SP,N/A,QMLE-Trade,2017-7-7,0.0808887
SP,N/A,QMLE-Trade,2017-7-10,0.0522185
SP,N/A,QMLE-Trade,2017-7-11,0.11243
SP,N/A,QMLE-Trade,2017-7-12,0.0843613
SP,N/A,QMLE-Trade,2017-7-13,0.0488881
SP,N/A,QMLE-Trade,2017-7-14,0.0770255
SP,N/A,QMLE-Trade,2017-7-17,0.0369497
SP,N/A,QMLE-Trade,2017-7-18,0.0855277
SP,N/A,QMLE-Trade,2017-7-19,0.0354812
SP,N/A,QMLE-Trade,2017-7-20,0.0562664
SP,N/A,QMLE-Trade,2017-7-21,0.0666691
SP,N/A,QMLE-Trade,2017-7-24,0.0375461
SP,N/A,QMLE-Trade,2017-7-25,0.0470652
SP,N/A,QMLE-Trade,2017-7-26,0.0586351
SP,N/A,QMLE-Trade,2017-7-27,0.0935067
SP,N/A,QMLE-Trade,2017-7-28,0.0364073
SP,N/A,QMLE-Trade,2017-7-31,0.0611921
SP,N/A,QMLE-Trade,2017-8-1,0.04455
SP,N/A,QMLE-Trade,2017-8-2,0.0533762
SP,N/A,QMLE-Trade,2017-8-3,0.0534075
SP,N/A,QMLE-Trade,2017-8-4,0.0512396
SP,N/A,QMLE-Trade,2017-8-7,0.0260354
SP,N/A,QMLE-Trade,2017-8-8,0.0713203
SP,N/A,QMLE-Trade,2017-8-9,0.0815732
SP,N/A,QMLE-Trade,2017-8-10,0.108494
SP,N/A,QMLE-Trade,2017-8-11,0.089845
SP,N/A,QMLE-Trade,2017-8-14,0.0614745
SP,N/A,QMLE-Trade,2017-8-15,0.0555561
SP,N/A,QMLE-Trade,2017-8-16,0.0733206
SP,N/A,QMLE-Trade,2017-8-17,0.0994511
SP,N/A,QMLE-Trade,2017-8-18,0.108024
SP,N/A,QMLE-Trade,2017-8-21,0.116494
SP,N/A,QMLE-Trade,2017-8-22,0.0778338
SP,N/A,QMLE-Trade,2017-8-23,0.0751375
SP,N/A,QMLE-Trade,2017-8-24,0.090919
SP,N/A,QMLE-Trade,2017-8-25,0.0645904
SP,N/A,QMLE-Trade,2017-8-28,0.0961698
SP,N/A,QMLE-Trade,2017-8-29,0.0485934
SP,N/A,QMLE-Trade,2017-8-30,0.0786111
SP,N/A,QMLE-Trade,2017-8-31,0.0645881
SP,N/A,QMLE-Trade,2017-9-1,0.0572069
SP,N/A,QMLE-Trade,2017-9-5,0.089412
SP,N/A,QMLE-Trade,2017-9-6,0.0707349
SP,N/A,QMLE-Trade,2017-9-7,0.0855184
SP,N/A,QMLE-Trade,2017-9-8,0.0557485
SP,N/A,QMLE-Trade,2017-9-11,0.0541023
SP,N/A,QMLE-Trade,2017-9-12,0.0472887
SP,N/A,QMLE-Trade,2017-9-13,0.0364556
SP,N/A,QMLE-Trade,2017-9-14,0.0293953
SP,N/A,QMLE-Trade,2017-9-15,0.0373195
SP,N/A,QMLE-Trade,2017-9-18,0.0525343
SP,N/A,QMLE-Trade,2017-9-19,0.028866
SP,N/A,QMLE-Trade,2017-9-20,0.0657711
SP,N/A,QMLE-Trade,2017-9-21,0.0363029
SP,N/A,QMLE-Trade,2017-9-22,0.038615
SP,N/A,QMLE-Trade,2017-9-25,0.078153
SP,N/A,QMLE-Trade,2017-9-26,0.0377155
SP,N/A,QMLE-Trade,2017-9-27,0.0859099
SP,N/A,QMLE-Trade,2017-9-28,0.0476425
SP,N/A,QMLE-Trade,2017-9-29,0.0511624
SP,N/A,QMLE-Trade,2017-10-2,0.047698
SP,N/A,QMLE-Trade,2017-10-3,0.0371233
SP,N/A,QMLE-Trade,2017-10-4,0.0389594
SP,N/A,QMLE-Trade,2017-10-5,0.0445704
SP,N/A,QMLE-Trade,2017-10-6,0.0440625
SP,N/A,QMLE-Trade,2017-10-9,0.0401767
SP,N/A,QMLE-Trade,2017-10-10,0.045315
SP,N/A,QMLE-Trade,2017-10-11,0.0352331
SP,N/A,QMLE-Trade,2017-10-12,0.044424
SP,N/A,QMLE-Trade,2017-10-13,0.0393042
SP,N/A,QMLE-Trade,2017-10-16,0.0446875
SP,N/A,QMLE-Trade,2017-10-17,0.0401811
SP,N/A,QMLE-Trade,2017-10-18,0.0308673
SP,N/A,QMLE-Trade,2017-10-19,0.114706
SP,N/A,QMLE-Trade,2017-10-20,0.0358337
SP,N/A,QMLE-Trade,2017-10-23,0.0400068
SP,N/A,QMLE-Trade,2017-10-24,0.0375163
SP,N/A,QMLE-Trade,2017-10-25,0.0846441
SP,N/A,QMLE-Trade,2017-10-26,0.0785472
SP,N/A,QMLE-Trade,2017-10-27,0.0939578
SP,N/A,QMLE-Trade,2017-10-30,0.0587366
SP,N/A,QMLE-Trade,2017-10-31,0.0540195
SP,N/A,QMLE-Trade,2017-11-1,0.0722604
SP,N/A,QMLE-Trade,2017-11-2,0.0855791
SP,N/A,QMLE-Trade,2017-11-3,0.0553439
SP,N/A,QMLE-Trade,2017-11-6,0.0317232
SP,N/A,QMLE-Trade,2017-11-7,0.051387
SP,N/A,QMLE-Trade,2017-11-8,0.0347196
SP,N/A,QMLE-Trade,2017-11-9,0.108441
SP,N/A,QMLE-Trade,2017-11-10,0.0899506
SP,N/A,QMLE-Trade,2017-11-13,0.0778363
SP,N/A,QMLE-Trade,2017-11-14,0.0799014
SP,N/A,QMLE-Trade,2017-11-15,0.0730545
SP,N/A,QMLE-Trade,2017-11-16,0.0613594
SP,N/A,QMLE-Trade,2017-11-17,0.0314019
SP,N/A,QMLE-Trade,2017-11-20,0.0449767
SP,N/A,QMLE-Trade,2017-11-21,0.053936
SP,N/A,QMLE-Trade,2017-11-22,0.0309827
SP,N/A,QMLE-Trade,2017-11-24,0.0331888
SP,N/A,QMLE-Trade,2017-11-27,0.0428833
SP,N/A,QMLE-Trade,2017-11-28,0.0763279
SP,N/A,QMLE-Trade,2017-11-29,0.0679313
SP,N/A,QMLE-Trade,2017-11-30,0.091809
SP,N/A,QMLE-Trade,2017-12-1,0.23555
SP,N/A,QMLE-Trade,2017-12-4,0.083089
SP,N/A,QMLE-Trade,2017-12-5,0.0848344
SP,N/A,QMLE-Trade,2017-12-6,0.0815992
SP,N/A,QMLE-Trade,2017-12-7,0.0800683
SP,N/A,QMLE-Trade,2017-12-8,0.0583486
SP,N/A,QMLE-Trade,2017-12-11,0.0463783
SP,N/A,QMLE-Trade,2017-12-12,0.0342661
SP,N/A,QMLE-Trade,2017-12-13,0.0465882
SP,N/A,QMLE-Trade,2017-12-14,0.0653713
SP,N/A,QMLE-Trade,2017-12-15,0.0910664
SP,N/A,QMLE-Trade,2017-12-18,0.0428005
SP,N/A,QMLE-Trade,2017-12-19,0.0490717
SP,N/A,QMLE-Trade,2017-12-20,0.0676498
SP,N/A,QMLE-Trade,2017-12-21,0.0641487
SP,N/A,QMLE-Trade,2017-12-22,0.0402998
SP,N/A,QMLE-Trade,2017-12-26,0.000263557
SP,N/A,QMLE-Trade,2017-12-27,0.0368282
SP,N/A,QMLE-Trade,2017-12-28,0.02692
SP,N/A,QMLE-Trade,2017-12-29,0.111281
SP,N/A,QMLE-Trade,2018-1-2,0.164801
SP,N/A,QMLE-Trade,2018-1-3,0.101302
SP,N/A,QMLE-Trade,2018-1-4,0.041851
SP,N/A,QMLE-Trade,2018-1-5,0.125458
SP,N/A,QMLE-Trade,2018-1-8,0.121356
SP,N/A,QMLE-Trade,2018-1-9,0.0166213
SP,N/A,QMLE-Trade,2018-1-10,0.093783
SP,N/A,QMLE-Trade,2018-1-11,0.0477315
SP,N/A,QMLE-Trade,2018-1-12,0.134854
SP,N/A,QMLE-Trade,2018-1-16,0.162143
SP,N/A,QMLE-Trade,2018-1-17,0.102293
SP,N/A,QMLE-Trade,2018-1-18,0.0729114
SP,N/A,QMLE-Trade,2018-1-19,0.0963185
SP,N/A,QMLE-Trade,2018-1-22,0.195177
SP,N/A,QMLE-Trade,2018-1-23,0.0576476
SP,N/A,QMLE-Trade,2018-1-24,0.0700695
SP,N/A,QMLE-Trade,2018-1-25,0.0963605
SP,N/A,QMLE-Trade,2018-1-26,0.179312
SP,N/A,QMLE-Trade,2018-1-29,0.108717
SP,N/A,QMLE-Trade,2018-1-30,0.148977
SP,N/A,QMLE-Trade,2018-1-31,0.0900004
SP,N/A,QMLE-Trade,2018-2-1,0.0942349
SP,N/A,QMLE-Trade,2018-2-2,0.345262
SP,N/A,QMLE-Trade,2018-2-5,1.12266
SP,N/A,QMLE-Trade,2018-2-6,0.990332
SP,N/A,QMLE-Trade,2018-2-7,0.216792
SP,N/A,QMLE-Trade,2018-2-8,0.176913
SP,N/A,QMLE-Trade,2018-2-9,0.22129
SP,N/A,QMLE-Trade,2018-2-12,0.117417
SP,N/A,QMLE-Trade,2018-2-13,0.106805
SP,N/A,QMLE-Trade,2018-2-14,0.653831
SP,N/A,QMLE-Trade,2018-2-15,0.267975
SP,N/A,QMLE-Trade,2018-2-16,0.0648778
SP,N/A,QMLE-Trade,2018-2-20,0.0804723
SP,N/A,QMLE-Trade,2018-2-21,0.0407667
SP,N/A,QMLE-Trade,2018-2-22,0.12163
SP,N/A,QMLE-Trade,2018-2-23,0.0758119
SP,N/A,QMLE-Trade,2018-2-26,0.196269
SP,N/A,QMLE-Trade,2018-2-27,0.240109
SP,N/A,QMLE-Trade,2018-2-28,0.321737
SP,N/A,QMLE-Trade,2018-3-1,0.155998
SP,N/A,QMLE-Trade,2018-3-2,0.148337
SP,N/A,QMLE-Trade,2018-3-5,0.678424
SP,N/A,QMLE-Trade,2018-3-6,0.0580001
SP,N/A,QMLE-Trade,2018-3-7,0.202393
SP,N/A,QMLE-Trade,2018-3-8,0.0753041
SP,N/A,QMLE-Trade,2018-3-9,0.338287
SP,N/A,QMLE-Trade,2018-3-12,0.0649986
SP,N/A,QMLE-Trade,2018-3-13,0.320726
SP,N/A,QMLE-Trade,2018-3-14,0.328342
SP,N/A,QMLE-Trade,2018-3-15,0.00442409
SP,N/A,QMLE-Trade,2018-3-16,0.0466144
SP,N/A,QMLE-Trade,2018-3-19,0.116944
SP,N/A,QMLE-Trade,2018-3-20,0.176899
SP,N/A,QMLE-Trade,2018-3-21,0.0441034
SP,N/A,QMLE-Trade,2018-3-22,0.350096
SP,N/A,QMLE-Trade,2018-3-23,0.762221
SP,N/A,QMLE-Trade,2018-3-26,0.118814
SP,N/A,QMLE-Trade,2018-3-27,0.452004
SP,N/A,QMLE-Trade,2018-3-28,0.236364
SP,N/A,QMLE-Trade,2018-3-29,0.0384436
SP,N/A,QMLE-Trade,2018-4-2,0.407057
SP,N/A,QMLE-Trade,2018-4-3,0.0594223
SP,N/A,QMLE-Trade,2018-4-4,0.23789
SP,N/A,QMLE-Trade,2018-4-5,0.11936
SP,N/A,QMLE-Trade,2018-4-6,0.352091
SP,N/A,QMLE-Trade,2018-4-9,0.0662527
SP,N/A,QMLE-Trade,2018-4-10,0.183548
SP,N/A,QMLE-Trade,2018-4-11,0.177299
SP,N/A,QMLE-Trade,2018-4-12,0.110707
SP,N/A,QMLE-Trade,2018-4-13,0.219875
SP,N/A,QMLE-Trade,2018-4-16,0.0513498
SP,N/A,QMLE-Trade,2018-4-17,0.115771
SP,N/A,QMLE-Trade,2018-4-18,0.0160995
SP,N/A,QMLE-Trade,2018-4-19,0.116328
SP,N/A,QMLE-Trade,2018-4-20,0.00404545
SP,N/A,QMLE-Trade,2018-4-23,0.0970102
SP,N/A,QMLE-Trade,2018-4-24,0.049565
SP,N/A,QMLE-Trade,2018-4-25,0.0620855
SP,N/A,QMLE-Trade,2018-4-26,0.0524422
SP,N/A,QMLE-Trade,2018-4-27,0.0319625
SP,N/A,QMLE-Trade,2018-4-30,0.247646
SP,N/A,QMLE-Trade,2018-5-1,0.0495888
SP,N/A,QMLE-Trade,2018-5-2,0.208816
SP,N/A,QMLE-Trade,2018-5-3,0.117415
SP,N/A,QMLE-Trade,2018-5-4,0.0266074
SP,N/A,QMLE-Trade,2018-5-8,0.0474982
SP,N/A,QMLE-Trade,2018-5-9,0.079488
SP,N/A,QMLE-Trade,2018-5-10,0.108467
SP,N/A,QMLE-Trade,2018-5-11,0.0665298
SP,N/A,QMLE-Trade,2018-5-14,0.0136491
SP,N/A,QMLE-Trade,2018-5-15,0.0612468
SP,N/A,QMLE-Trade,2018-5-16,0.01711
SP,N/A,QMLE-Trade,2018-5-18,0.0682226
SP,N/A,QMLE-Trade,2018-5-21,0.0134079
SP,N/A,QMLE-Trade,2018-5-23,0.25698
SP,N/A,QMLE-Trade,2018-5-24,0.0163629
SP,N/A,QMLE-Trade,2018-5-25,0.105006
SP,N/A,QMLE-Trade,2018-5-29,0.131833
SP,N/A,QMLE-Trade,2018-5-30,0.0887362
SP,N/A,QMLE-Trade,2018-5-31,0.00215794
SP,N/A,QMLE-Trade,2018-6-1,0.0921461
SP,N/A,QMLE-Trade,2018-6-4,0.0508801
SP,N/A,QMLE-Trade,2018-6-5,0.0420452
SP,N/A,QMLE-Trade,2018-6-6,0.0195313
SP,N/A,QMLE-Trade,2018-6-8,0.0745866
SP,N/A,QMLE-Trade,2018-6-11,0.0418388
SP,N/A,QMLE-Trade,2018-6-12,0.0781216
SP,N/A,QMLE-Trade,2018-6-13,0.0201593
SP,N/A,QMLE-Trade,2018-6-14,0.135181
SP,N/A,QMLE-Trade,2018-6-15,0.111107
SP,N/A,QMLE-Trade,2018-6-18,0.0584895
SP,N/A,QMLE-Trade,2018-6-19,0.12586
SP,N/A,QMLE-Trade,2018-6-20,0.0697659
SP,N/A,QMLE-Trade,2018-6-21,0.13898
SP,N/A,QMLE-Trade,2018-6-25,0.192184
SP,N/A,QMLE-Trade,2018-6-26,0.0293317
SP,N/A,QMLE-Trade,2018-6-27,0.0230858
SP,N/A,QMLE-Trade,2018-6-28,0.114872
SP,N/A,QMLE-Trade,2018-6-29,0.0815687
SP,N/A,QMLE-Trade,2018-7-2,0.217323
SP,N/A,QMLE-Trade,2018-7-3,0.0776223
SP,N/A,QMLE-Trade,2018-7-5,0.110826
SP,N/A,QMLE-Trade,2018-7-6,0.120792
SP,N/A,QMLE-Trade,2018-7-9,0.0312645
SP,N/A,QMLE-Trade,2018-7-10,0.0566711
SP,N/A,QMLE-Trade,2018-7-11,0.0588728
SP,N/A,QMLE-Trade,2018-7-12,0.113714
SP,N/A,QMLE-Trade,2018-7-13,0.0911335
SP,N/A,QMLE-Trade,2018-7-16,0.0819697
SP,N/A,QMLE-Trade,2018-7-17,0.059217
SP,N/A,QMLE-Trade,2018-7-19,0.0854053
SP,N/A,QMLE-Trade,2018-7-20,0.117886
SP,N/A,QMLE-Trade,2018-7-23,0.189452
SP,N/A,QMLE-Trade,2018-7-24,0.0438728
SP,N/A,QMLE-Trade,2018-7-25,0.0917289
SP,N/A,QMLE-Trade,2018-7-26,0.00384442
SP,N/A,QMLE-Trade,2018-8-2,0.0577323
SP,N/A,QMLE-Trade,2018-8-6,0.0382274
SP,N/A,QMLE-Trade,2018-8-8,0.0329052
SP,N/A,QMLE-Trade,2018-8-9,0.00587275
SP,N/A,QMLE-Trade,2018-8-10,0.106961
SP,N/A,QMLE-Trade,2018-8-13,0.0635175
SP,N/A,QMLE-Trade,2018-8-14,0.0212706
SP,N/A,QMLE-Trade,2018-8-15,0.0835267
SP,N/A,QMLE-Trade,2018-8-16,0.0753925
SP,N/A,QMLE-Trade,2018-8-17,0.0569877
SP,N/A,QMLE-Trade,2018-8-21,0.0727618
SP,N/A,QMLE-Trade,2018-8-22,0.0482616
SP,N/A,QMLE-Trade,2018-8-24,0.0144932
SP,N/A,QMLE-Trade,2018-8-29,0.0630492
